<?xml version="1.0"?>
<ForceAbilities xmlns:xsi="http://www.w3.org/2001/XMLSchema-instance" xmlns:xsd="http://www.w3.org/2001/XMLSchema">
  <ForceAbility>
    <Key>SENSEBASIC</Key>
    <Name>Sense Basic Power</Name>
    <Description>Spend [FP] to sense all living things with short range. Spend [FP] to sense the emotional state of one engaged living target.</Description>
    <Sources>
      <Source Page="280">Edge of the Empire Core Rulebook</Source>
      <Source Page="304">Force and Destiny Core Rulebook</Source>
    </Sources>
    <Custom>DescOnly</Custom>
    <Power>Sense</Power>
  </ForceAbility>
  <ForceAbility>
    <Key>SENSECONTROL1</Key>
    <Name>Control: Upgrade Difficulty</Name>
    <Description>Commit [FO], once per round, when attacked upgrade difficulty of pool once.</Description>
    <Sources>
      <Source Page="280">Edge of the Empire Core Rulebook</Source>
      <Source Page="304">Force and Destiny Core Rulebook</Source>
    </Sources>
    <Custom>DescOnly</Custom>
    <Power>Sense</Power>
  </ForceAbility>
  <ForceAbility>
    <Key>SENSECONTROL2</Key>
    <Name>Control: Sense Thoughts</Name>
    <Description>Effect: Spend [FP] to sense the current thoughts of one living target with whom he is engaged.</Description>
    <Sources>
      <Source Page="280">Edge of the Empire Core Rulebook</Source>
      <Source Page="304">Force and Destiny Core Rulebook</Source>
    </Sources>
    <Custom>DescOnly</Custom>
    <Power>Sense</Power>
  </ForceAbility>
  <ForceAbility>
    <Key>SENSEDURATION</Key>
    <Name>Duration</Name>
    <Description>Sense's ongoing effects may be triggered one additional time per round .</Description>
    <Sources>
      <Source Page="280">Edge of the Empire Core Rulebook</Source>
      <Source Page="304">Force and Destiny Core Rulebook</Source>
    </Sources>
    <Custom>DescOnly</Custom>
    <Power>Sense</Power>
  </ForceAbility>
  <ForceAbility>
    <Key>SENSERANGE</Key>
    <Name>Range</Name>
    <Description>Spend [FP] to increase powers range by number of bands equal to Range upgrades purchased.</Description>
    <Sources>
      <Source Page="280">Edge of the Empire Core Rulebook</Source>
      <Source Page="304">Force and Destiny Core Rulebook</Source>
    </Sources>
    <Custom>DescOnly</Custom>
    <Power>Sense</Power>
  </ForceAbility>
  <ForceAbility>
    <Key>SENSEMAGNITUDE</Key>
    <Name>Magnitude</Name>
    <Description>Spend [FP] to increase targets effected by number of bands equal to Magnitude upgrades purchased.</Description>
    <Sources>
      <Source Page="280">Edge of the Empire Core Rulebook</Source>
      <Source Page="304">Force and Destiny Core Rulebook</Source>
    </Sources>
    <Custom>DescOnly</Custom>
    <Power>Sense</Power>
  </ForceAbility>
  <ForceAbility>
    <Key>SENSESTRENGTH</Key>
    <Name>Strength</Name>
    <Description>When using Sense's ongoing effects, upgrade the pool twice.</Description>
    <Sources>
      <Source Page="280">Edge of the Empire Core Rulebook</Source>
      <Source Page="304">Force and Destiny Core Rulebook</Source>
    </Sources>
    <Custom>DescOnly</Custom>
    <Power>Sense</Power>
  </ForceAbility>
  <ForceAbility>
    <Key>SENSECONTROL3</Key>
    <Name>Control: Upgrade Ability</Name>
    <Description>Commit [FO], once per round, when force user makes a combat check, upgrade the ability of the check once.</Description>
    <Sources>
      <Source Page="280">Edge of the Empire Core Rulebook</Source>
      <Source Page="304">Force and Destiny Core Rulebook</Source>
    </Sources>
    <Custom>DescOnly</Custom>
  </ForceAbility>
  <ForceAbility>
    <Key>INFLUENCEBASIC</Key>
    <Name>Influence Basic Power</Name>
    <Description>Spend [FP] to stress the mind of one living target (engaged), inflicting 1 strain.</Description>
    <Sources>
      <Source Page="282">Edge of the Empire Core Rulebook</Source>
      <Source Page="294">Force and Destiny Core Rulebook</Source>
    </Sources>
    <Custom>DescOnly</Custom>
    <Power>Influence</Power>
  </ForceAbility>
  <ForceAbility>
    <Key>INFLUENCERANGE</Key>
    <Name>Range</Name>
    <Description>Spend [FP] to increase range by ranks.</Description>
    <Sources>
      <Source Page="282">Edge of the Empire Core Rulebook</Source>
      <Source Page="294">Force and Destiny Core Rulebook</Source>
    </Sources>
    <Custom>DescOnly</Custom>
    <Power>Influence</Power>
  </ForceAbility>
  <ForceAbility>
    <Key>INFLUENCECONTROL2</Key>
    <Name>Control: Skills</Name>
    <Description>Add power check to Coercion, Charm, Deception, Leadership, Negotiation, spend [FP] to gain [SU] or [AD].</Description>
    <Sources>
      <Source Page="282">Edge of the Empire Core Rulebook</Source>
      <Source Page="294">Force and Destiny Core Rulebook</Source>
    </Sources>
    <Custom>DescOnly</Custom>
    <Power>Influence</Power>
    <DieModifiers>
      <DieModifier>
        <SkillKey>COERC</SkillKey>
        <ForceCount>1</ForceCount>
      </DieModifier>
      <DieModifier>
        <SkillKey>CHARM</SkillKey>
        <ForceCount>1</ForceCount>
      </DieModifier>
      <DieModifier>
        <SkillKey>DECEP</SkillKey>
        <ForceCount>1</ForceCount>
      </DieModifier>
      <DieModifier>
        <SkillKey>LEAD</SkillKey>
        <ForceCount>1</ForceCount>
      </DieModifier>
      <DieModifier>
        <SkillKey>NEG</SkillKey>
        <ForceCount>1</ForceCount>
      </DieModifier>
    </DieModifiers>
  </ForceAbility>
  <ForceAbility>
    <Key>MOVEBASIC</Key>
    <Name>Move Basic Power</Name>
    <Description>Spend [FP] to move an object of silhouette 0 within short range.</Description>
    <Sources>
      <Source Page="284">Edge of the Empire Core Rulebook</Source>
      <Source Page="296">Age of Rebellion Core Rulebook</Source>
      <Source Page="298">Force and Destiny Core Rulebook</Source>
    </Sources>
    <Custom>DescOnly</Custom>
    <Power>Move</Power>
  </ForceAbility>
  <ForceAbility>
    <Key>MOVEMAGNITUDE</Key>
    <Name>Magnitude</Name>
    <Description>Spend [FP] to increase targets affected equal to magnitude ranks.</Description>
    <Sources>
      <Source Page="284">Edge of the Empire Core Rulebook</Source>
      <Source Page="296">Age of Rebellion Core Rulebook</Source>
      <Source Page="298">Force and Destiny Core Rulebook</Source>
    </Sources>
    <Custom>DescOnly</Custom>
    <Power>Move</Power>
  </ForceAbility>
  <ForceAbility>
    <Key>MOVESTRENGTH</Key>
    <Name>Strength</Name>
    <Description>Spend [FP] to increase silhouette targetted equal to ranks in strength.</Description>
    <Sources>
      <Source Page="284">Edge of the Empire Core Rulebook</Source>
      <Source Page="296">Age of Rebellion Core Rulebook</Source>
      <Source Page="298">Force and Destiny Core Rulebook</Source>
    </Sources>
    <Custom>DescOnly</Custom>
    <Power>Move</Power>
  </ForceAbility>
  <ForceAbility>
    <Key>MOVERANGE</Key>
    <Name>Range</Name>
    <Description>Spend [FP] to increase range by ranks in range.</Description>
    <Sources>
      <Source Page="284">Edge of the Empire Core Rulebook</Source>
      <Source Page="296">Age of Rebellion Core Rulebook</Source>
      <Source Page="298">Force and Destiny Core Rulebook</Source>
    </Sources>
    <Custom>DescOnly</Custom>
    <Power>Move</Power>
  </ForceAbility>
  <ForceAbility>
    <Key>BINDCONTROL2</Key>
    <Name>Control: Move</Name>
    <Description>Spend [FP] to move bound target one range band closer or further away.

</Description>
    <Source Page="286">Force and Destiny Core Rulebook</Source>
    <Custom>DescOnly</Custom>
    <Power>Bind</Power>
  </ForceAbility>
  <ForceAbility>
    <Key>MISDIRBASIC</Key>
    <Name>Misdirect Basic Power</Name>
    <Description>Use [FP] to make object of silhouette 1 or 0 not visible to a target within short range, until the beginning of the users next turn.</Description>
    <Source Page="296">Force and Destiny Core Rulebook</Source>
    <Custom>DescOnly</Custom>
    <Power>Misdirect</Power>
  </ForceAbility>
  <ForceAbility>
    <Key>MISDIRRANGE</Key>
    <Name>Range</Name>
    <Description>Spend [FP] to increase range by number of ranks purchased.</Description>
    <Source Page="296">Force and Destiny Core Rulebook</Source>
    <Custom>DescOnly</Custom>
    <Power>Misdirect</Power>
  </ForceAbility>
  <ForceAbility>
    <Key>MISDIRDURATION</Key>
    <Name>Duration</Name>
    <Description>Commit [FO][FO] to susteain power while target is in range.</Description>
    <Source Page="296">Force and Destiny Core Rulebook</Source>
    <Custom>DescOnly</Custom>
    <Power>Misdirect</Power>
  </ForceAbility>
  <ForceAbility>
    <Key>MISDIRCONTROL2</Key>
    <Name>Control: Illusion</Name>
    <Description>Force the target to see a single person or object.</Description>
    <Source Page="296">Force and Destiny Core Rulebook</Source>
    <Custom>DescOnly</Custom>
    <Power>Misdirect</Power>
  </ForceAbility>
  <ForceAbility>
    <Key>MISDIRMASTERY</Key>
    <Name>Mastery</Name>
    <Description>Spend [FP][FP] to change or hide additional object equal to Cunning plus Deception.</Description>
    <Source Page="296">Force and Destiny Core Rulebook</Source>
    <Custom>DescOnly</Custom>
    <Power>Misdirect</Power>
  </ForceAbility>
  <ForceAbility>
    <Key>WARFORBASIC</Key>
    <Name>Warde's Foresight Basic Power</Name>
    <Description>Spend [FP] to gain hints as to what target within short range will do next.
    </Description>
    <Source Page="10">Chronicles of the Gatekeeper</Source>
    <Custom>DescOnly</Custom>
    <Power>Warde's Foresight</Power>
  </ForceAbility>
  <ForceAbility>
    <Key>WARFORRANGE</Key>
    <Name>Range</Name>
    <Description>Spend [FP] to increase power range by ranks in range.</Description>
    <Source Page="10">Chronicles of the Gatekeeper</Source>
    <Custom>DescOnly</Custom>
    <Power>Warde's Foresight</Power>
  </ForceAbility>
  <ForceAbility>
    <Key>WARFORDURATION</Key>
    <Name>Duration</Name>
    <Description>Spend [FP][FP] to apply bonus to round equal to ranks in duration.</Description>
    <Source Page="10">Chronicles of the Gatekeeper</Source>
    <Custom>DescOnly</Custom>
    <Power>Warde's Foresight</Power>
  </ForceAbility>
  <ForceAbility>
    <Key>MISDIRCONTROL1</Key>
    <Name>Control: Appearance</Name>
    <Description>Alter the appearance of the choosen person or object instead of hiding it.</Description>
    <Source Page="296">Force and Destiny Core Rulebook</Source>
    <Custom>DescOnly</Custom>
    <Power>Misdirect</Power>
  </ForceAbility>
  <ForceAbility>
    <Key>MISDIRCONTROL3</Key>
    <Name>Control: Combat</Name>
    <Description>Commit [FORCE]: add [TH] per [FO] to all incomming combat checks against the user.</Description>
    <Source Page="296">Force and Destiny Core Rulebook</Source>
    <Custom>DescOnly</Custom>
    <Power>Misdirect</Power>
  </ForceAbility>
  <ForceAbility>
    <Key>WARFORCONTROL1</Key>
    <Name>Control: Successes</Name>
    <Description>Roll force check in addition to initiative, add [SU], per [FP] spent, to first check in encounter.</Description>
    <Source Page="10">Chronicles of the Gatekeeper</Source>
    <Custom>DescOnly</Custom>
    <Power>Warde's Foresight</Power>
  </ForceAbility>
  <ForceAbility>
    <Key>BINDBASIC</Key>
    <Name>Bind Basic Power</Name>
    <Description>Spend [FP] to immobilize a target within short range until the end of the user's next turn. If [DA] is used then target suffers 1 wound per [FP] spent.</Description>
    <Source Page="286">Force and Destiny Core Rulebook</Source>
    <Custom>DescOnly</Custom>
  </ForceAbility>
  <ForceAbility>
    <Key>BINDCONTROL1</Key>
    <Name>Control: Strain</Name>
    <Description>Spend [FP], while bound a target suffers strain equal to user's Willpower when he takes an action.</Description>
    <Source Page="286">Force and Destiny Core Rulebook</Source>
    <Custom>DescOnly</Custom>
    <Power>Bind</Power>
  </ForceAbility>
  <ForceAbility>
    <Key>BINDMASTERY</Key>
    <Name>Mastery</Name>
    <Description>Include a Discipline vs Discipline check, on success, stagger the target until the end of his next turn. If [DA] was used, target takes a Crit +10% for each [FP] spent.</Description>
    <Source Page="286">Force and Destiny Core Rulebook</Source>
    <Custom>DescOnly</Custom>
  </ForceAbility>
  <ForceAbility>
    <Key>BINDDURATION</Key>
    <Name>Duration</Name>
    <Description>Commit [FO] [FO] [FO] to sustain effects of the power on each target.</Description>
    <Source Page="286">Force and Destiny Core Rulebook</Source>
    <Custom>DescOnly</Custom>
    <Power>Bind</Power>
  </ForceAbility>
  <ForceAbility>
    <Key>INFLUENCECONTROL1</Key>
    <Name>Control: Emotion/Belief</Name>
    <Description>Spend [FP] to force target to adopt an emotional state or believe something untrue. [DA] causes rage, fear, hatred, [LI] causes peace, tranquilty, friendlyness.</Description>
    <Sources>
      <Source Page="282">Edge of the Empire Core Rulebook</Source>
      <Source Page="294">Force and Destiny Core Rulebook</Source>
    </Sources>
    <Custom>DescOnly</Custom>
    <Power>Influence</Power>
  </ForceAbility>
  <ForceAbility>
    <Key>MOVECONTROL1</Key>
    <Name>Control: Hurl</Name>
    <Description>Hurl objects at targets by making a Discipline ranged attack, dealing damage equal to 10 times silhouette, silhouette 0 cause 5 damage.</Description>
    <Sources>
      <Source Page="284">Edge of the Empire Core Rulebook</Source>
      <Source Page="296">Age of Rebellion Core Rulebook</Source>
      <Source Page="298">Force and Destiny Core Rulebook</Source>
    </Sources>
    <Custom>DescOnly</Custom>
    <Power>Move</Power>
  </ForceAbility>
  <ForceAbility>
    <Key>MOVECONTROL2</Key>
    <Name>Control: Pull</Name>
    <Description>Pull objects out of secure mountings or out of an opponent's grasp.</Description>
    <Sources>
      <Source Page="284">Edge of the Empire Core Rulebook</Source>
      <Source Page="296">Age of Rebellion Core Rulebook</Source>
      <Source Page="298">Force and Destiny Core Rulebook</Source>
    </Sources>
    <Custom>DescOnly</Custom>
    <Power>Move</Power>
  </ForceAbility>
  <ForceAbility>
    <Key>MOVECONTROL3</Key>
    <Name>Control: Manipulate</Name>
    <Description>Perform fine manipulation of items, allowing user to do whatever he would normally with his hands via this power at this power’s range.</Description>
    <Sources>
      <Source Page="284">Edge of the Empire Core Rulebook</Source>
      <Source Page="296">Age of Rebellion Core Rulebook</Source>
      <Source Page="298">Force and Destiny Core Rulebook</Source>
    </Sources>
    <Custom>DescOnly</Custom>
    <Power>Move</Power>
  </ForceAbility>
</ForceAbilities>