<?xml version="1.0"?>
<Gears xmlns:xsi="http://www.w3.org/2001/XMLSchema-instance" xmlns:xsd="http://www.w3.org/2001/XMLSchema">
  <Gear>
    <Key>COMLINKH</Key>
    <Name>Comlink (handheld)</Name>
    <Description>Overland and low orbit communication with a squad.
    </Description>
    <Sources>
      <Source Page="171">Edge of the Empire Core Rulebook</Source>
      <Source Page="186">Age of Rebellion Core Rulebook</Source>
      <Source Page="180">Force and Destiny Core Rulebook</Source>
    </Sources>
    <Custom>DescOnly</Custom>
    <Type>Communications</Type>
    <Categories />
    <Price>25</Price>
  </Gear>
  <Gear>
    <Key>COMLINKL</Key>
    <Name>Comlink (long range)</Name>
    <Description>Enables planetary and solar system wide communication.
    </Description>
    <Sources>
      <Source Page="171">Edge of the Empire Core Rulebook</Source>
      <Source Page="186">Age of Rebellion Core Rulebook</Source>
      <Source Page="180">Force and Destiny Core Rulebook</Source>
    </Sources>
    <Custom>DescOnly</Custom>
    <Type>Communications</Type>
    <Categories />
    <Encumbrance>2</Encumbrance>
    <Price>200</Price>
    <Rarity>1</Rarity>
  </Gear>
  <Gear>
    <Key>ENCRYPWHIS</Key>
    <Name>Whistler Encryption Module</Name>
    <Description>Encodes messages over comlink or via subspace to receivers with a key, decoding without the key is a [DIFFICULTY][DIFFICULTY][DIFFICULTY][DIFFICULTY][DIFFICULTY] check.
    </Description>
    <Source Page="100">Suns of Fortune</Source>
    <Custom>DescOnly</Custom>
    <Type>Communications</Type>
    <Categories />
    <Encumbrance>3</Encumbrance>
    <Price>1250</Price>
    <Rarity>6</Rarity>
  </Gear>
  <Gear>
    <Key>HSCAN</Key>
    <Name>Hand Scanner</Name>
    <Description>
      [H3]Hand Scanner[h3]
Atmostpheric contaminants, poisons, vermin, micro-fractures, stress points.

    </Description>
    <Sources>
      <Source Page="176">Edge of the Empire Core Rulebook</Source>
      <Source Page="191">Age of Rebellion Core Rulebook</Source>
      <Source Page="185">Force and Destiny Core Rulebook</Source>
    </Sources>
    <Custom>DescOnly</Custom>
    <Type>Detection/Surveillance Devices</Type>
    <Categories />
    <Price>100</Price>
    <Rarity>2</Rarity>
  </Gear>
  <Gear>
    <Key>SCANG</Key>
    <Name>Scanner Goggles</Name>
    <Description>Enables you to see in the dark.
    </Description>
    <Sources>
      <Source Page="175">Edge of the Empire Core Rulebook</Source>
      <Source Page="191">Age of Rebellion Core Rulebook</Source>
      <Source Page="185">Force and Destiny Core Rulebook</Source>
    </Sources>
    <Custom>DescOnly</Custom>
    <Type>Detection/Surveillance Devices</Type>
    <Categories />
    <Price>150</Price>
    <Rarity>3</Rarity>
  </Gear>
  <Gear>
    <Key>RECONREM</Key>
    <Name>Recon Remote</Name>
    <Description>Floating, spherical (silhouette 0) remote, with 360 degree night/visual sensors, speed 20 km/h, with power for 24 hours. Control up to 4 units, 20km away.</Description>
    <Source Page="57">Dangerous Covenants</Source>
    <Custom>DescOnly</Custom>
    <Type>Remotes</Type>
    <Categories />
    <Encumbrance>1</Encumbrance>
    <Price>250</Price>
    <Rarity>2</Rarity>
  </Gear>
  <Gear>
    <Key>PX7HEATSENSOR</Key>
    <Name>PX-7 Heat Sensor</Name>
    <Description>Add [BO][BO] to Perception checks to find heat-emitting objects in Short range and [BO] to Mechanical checks to remove Critical Hits from starships and droids.
    </Description>
    <Source Page="50">Keeping the Peace</Source>
    <Custom>DescOnly</Custom>
    <Type>Detection/Surveillance Devices</Type>
    <Categories />
    <Encumbrance>3</Encumbrance>
    <Price>250</Price>
    <Rarity>7</Rarity>
    <BaseMods>
      <Mod>
        <Count>1</Count>
        <MiscDesc>Add [BO][BO] to Perception checks to find heat-emitting objects within short range.</MiscDesc>
      </Mod>
      <Mod>
        <Count>1</Count>
        <MiscDesc>Add [BO] to Mechanics checks to remove Critical Hits from starships and Critical Injuries from droids.</MiscDesc>
      </Mod>
    </BaseMods>
  </Gear>
  <Gear>
    <Key>VERIDICATOR</Key>
    <Name>Veridicator 200</Name>
    <Description>Add [BO][BO] to descern if someone is lying or omitting important information, or ascertain mental state.
    </Description>
    <Source Page="51">Keeping the Peace</Source>
    <Custom>DescOnly</Custom>
    <Type>Detection/Surveillance Devices</Type>
    <Categories />
    <Encumbrance>1</Encumbrance>
    <Price>4000</Price>
    <Rarity>8</Rarity>
    <BaseMods>
      <Mod>
        <Count>1</Count>
        <MiscDesc>Add [BO][BO] to checks to discern whether another character is lying or moitting significant information.</MiscDesc>
      </Mod>
      <Mod>
        <Count>1</Count>
        <MiscDesc>Add [BO][BO] to checks to ascertain another character's mental state.</MiscDesc>
      </Mod>
    </BaseMods>
  </Gear>
  <Gear>
    <Key>DROIDMINIMED</Key>
    <Name>Mini-Med Droid</Name>
    <Description>Each Mini-med making an assist manuever to a [B]Medicine check[b] adds a rank of Surgeon Talent, which adds one to the number of Wounds healed.
    </Description>
    <Source Page="49">Far Horizons</Source>
    <Custom>DescOnly</Custom>
    <Type>Droids</Type>
    <Categories />
    <Price>900</Price>
    <Rarity>3</Rarity>
  </Gear>
  <Gear>
    <Key>STIMPACK</Key>
    <Name>Stimpack</Name>
    <Description>May used 5 times per day, heals 5 wounds, with each application, 1 less.
    </Description>
    <Sources>
      <Source Page="177">Edge of the Empire Core Rulebook</Source>
      <Source Page="193">Age of Rebellion Core Rulebook</Source>
      <Source Page="186">Force and Destiny Core Rulebook</Source>
    </Sources>
    <Custom>DescOnly</Custom>
    <Type>Medical</Type>
    <Categories />
    <Price>25</Price>
    <Rarity>1</Rarity>
    <BaseMods>
      <Mod>
        <Count>1</Count>
        <MiscDesc>Heals 5 wounds.</MiscDesc>
      </Mod>
    </BaseMods>
  </Gear>
  <Gear>
    <Key>COMMJAM</Key>
    <Name>Comm Jammer</Name>
    <Description>Blackout communications with a few kilometers. The closer and more powerful the device, the more difficult the Computer check to counteract.
    </Description>
    <Sources>
      <Source Page="178">Edge of the Empire Core Rulebook</Source>
      <Source Page="194">Age of Rebellion Core Rulebook</Source>
    </Sources>
    <Custom>DescOnly</Custom>
    <Type>Security/Espionage</Type>
    <Categories />
    <Encumbrance>4</Encumbrance>
    <Price>400</Price>
    <Rarity>3</Rarity>
  </Gear>
  <Gear>
    <Key>COMMSCRAM</Key>
    <Name>Comm Scrambler</Name>
    <Description>Adds [SETBACK][SETBACK] to any checks to decode and understand transmission.
    </Description>
    <Sources>
      <Source Page="178">Edge of the Empire Core Rulebook</Source>
      <Source Page="194">Age of Rebellion Core Rulebook</Source>
    </Sources>
    <Custom>DescOnly</Custom>
    <Type>Security/Espionage</Type>
    <Categories />
    <Price>1000</Price>
    <Rarity>5</Rarity>
  </Gear>
  <Gear>
    <Key>RESBOLT</Key>
    <Name>Restraining Bolt</Name>
    <Description>Enable shutdown, or control of a droid, PC droids may make [DIFFICULTY][DIFFICULTY][DIFFICULTY][DIFFICULTY] check to shake off effects.
    </Description>
    <Sources>
      <Source Page="178">Edge of the Empire Core Rulebook</Source>
      <Source Page="194">Age of Rebellion Core Rulebook</Source>
      <Source Page="187">Force and Destiny Core Rulebook</Source>
    </Sources>
    <Custom>DescOnly</Custom>
    <Type>Security/Espionage</Type>
    <Categories />
    <Price>35</Price>
  </Gear>
  <Gear>
    <Key>ERP</Key>
    <Name>Emergency Repair Patch</Name>
    <Description>Heals 3 wounds (as manueuver), maximum of 5 times per day.

    </Description>
    <Sources>
      <Source Page="182">Edge of the Empire Core Rulebook</Source>
      <Source Page="197">Age of Rebellion Core Rulebook</Source>
    </Sources>
    <Custom>DescOnly</Custom>
    <Type>Tools/Electronics</Type>
    <Categories />
    <Price>25</Price>
    <Rarity>2</Rarity>
    <BaseMods>
      <Mod>
        <Count>1</Count>
        <MiscDesc>Repairs 3 wounds on a droid.</MiscDesc>
      </Mod>
    </BaseMods>
  </Gear>
  <Gear>
    <Key>FUSLANT</Key>
    <Name>Fusion Lantern</Name>
    <Description>
      [H3]Fusion Lantern[h3]
     Provides light, heat and power to small devices.

    </Description>
    <Sources>
      <Source Page="181">Edge of the Empire Core Rulebook</Source>
      <Source Page="197">Age of Rebellion Core Rulebook</Source>
      <Source Page="189">Force and Destiny Core Rulebook</Source>
    </Sources>
    <Custom>DescOnly</Custom>
    <Type>Tools/Electronics</Type>
    <Categories />
    <Encumbrance>2</Encumbrance>
    <Price>150</Price>
    <Rarity>2</Rarity>
  </Gear>
  <Gear>
    <Key>JETPACK</Key>
    <Name>Jet Pack</Name>
    <Description>Allows a preson to function as a Slihouette 1, Speed 2, Handling 0, Strain Threshold 3 planetery vehicle.
    </Description>
    <Source Page="181">Edge of the Empire Core Rulebook</Source>
    <Custom>DescOnly</Custom>
    <Type>Tools/Electronics</Type>
    <Categories />
    <Encumbrance>2</Encumbrance>
    <Price>4500</Price>
    <Rarity>7</Rarity>
  </Gear>
  <Gear>
    <Key>TOOLKIT</Key>
    <Name>Tool Kit</Name>
    <Description>Required to perform most mechanical checks to repair devices, and "heal" droids.
    </Description>
    <Sources>
      <Source Page="181">Edge of the Empire Core Rulebook</Source>
      <Source Page="198">Age of Rebellion Core Rulebook</Source>
      <Source Page="189">Force and Destiny Core Rulebook</Source>
    </Sources>
    <Custom>DescOnly</Custom>
    <Type>Tools/Electronics</Type>
    <Categories />
    <Encumbrance>4</Encumbrance>
    <Price>350</Price>
    <Rarity>2</Rarity>
  </Gear>
  <Gear>
    <Key>R82JUMP</Key>
    <Name>R82 Jump Boots</Name>
    <Description>Functions as Silhouette 1, Speed 2, Handling -1, System Strain 3 vehicle in atmosphere, with maximum altitude of 35m.
    </Description>
    <Source Page="115">Strongholds of Resistance</Source>
    <Custom>DescOnly</Custom>
    <Type>Tools/Electronics</Type>
    <Categories />
    <Encumbrance>2</Encumbrance>
    <Price>2000</Price>
    <Rarity>6</Rarity>
  </Gear>
  <Gear>
    <Key>BURNGEL</Key>
    <Name>"Quickflash" Burning Gel</Name>
    <Description>A 3 cm wide devicer that relays tracking information over a number of km.
    </Description>
    <Source Page="52">Enter the Unknown</Source>
    <Custom>DescOnly</Custom>
    <Type>Tools/Electronics</Type>
    <Categories />
    <Encumbrance>1</Encumbrance>
    <Price>150</Price>
    <Rarity>5</Rarity>
  </Gear>
  <Gear>
    <Key>USERGEAR1</Key>
    <Name>Grenade Bandolier</Name>
    <Description>[H3]Grenade Bandolier[h3]
</Description>
    <Source>User Data</Source>
    <Custom>AddedItem</Custom>
    <Type>Tools</Type>
    <Categories />
    <Encumbrance>1</Encumbrance>
    <Price>60</Price>
    <BaseMods>
      <Mod>
        <Count>1</Count>
        <MiscDesc>Carrying 5 grenades costs encumberance 1.</MiscDesc>
      </Mod>
    </BaseMods>
  </Gear>
  <Gear>
    <Key>USERGEAR2</Key>
    <Name>VoxBox</Name>
    <Description>A translation device that allows real-time translation of speech.
</Description>
    <Source>User Data</Source>
    <Custom>AddedItem</Custom>
    <Type>Cybernetics</Type>
    <Categories />
    <Price>4000</Price>
  </Gear>
</Gears>