<?xml version="1.0"?>
<ItemAttachments xmlns:xsi="http://www.w3.org/2001/XMLSchema-instance" xmlns:xsd="http://www.w3.org/2001/XMLSchema">
  <ItemAttachment>
    <Key>NONSONIC</Key>
    <Name>NonSonic Silencer</Name>
    <Description>Reduces noise and flash of weapon, add [SETBACK][SETBACK] to perception/vigilance roll to hear shots.
</Description>
    <Source>User Data</Source>
    <Custom>AddedItem</Custom>
    <Type>Weapon</Type>
    <SkillLimit>
      <Key>RANGHVY</Key>
    </SkillLimit>
    <TypeLimit>
      <Type>Slugthrower</Type>
    </TypeLimit>
    <Price>900</Price>
    <Rarity>5</Rarity>
    <HP>1</HP>
  </ItemAttachment>
  <ItemAttachment>
    <Key>USERATTACH2</Key>
    <Name>Custom Grip</Name>
    <Description>
      [H3]Blaster Suppressor[h3]
      Please see page 106 of the Lords of Nal Hutta Sourcebook, and page 110 of the Strongholds of Resistance Sourcebook, for details.
    </Description>
    <Source>User Data</Source>
    <Custom>AddedItem</Custom>
    <Type>Weapon</Type>
    <CategoryLimit>
      <Category>Blaster</Category>
    </CategoryLimit>
    <Price>500</Price>
    <Rarity>6</Rarity>
    <HP>1</HP>
    <BaseMods>
      <Mod>
        <Count>1</Count>
        <MiscDesc>Removes [SETBACK] when using weapon. Users other than the owner add [SETBACK][SETBACK]</MiscDesc>
      </Mod>
    </BaseMods>
    <AddedMods>
      <Mod>
        <Key>ACCURATE</Key>
        <Count>1</Count>
      </Mod>
    </AddedMods>
  </ItemAttachment>
  <ItemAttachment>
    <Key>USERATTACH1</Key>
    <Name>Blaster (C) Actuating Module</Name>
    <Description>
      [H3]Blaster Actuating Module[h3]
      Please see page 188 of the Edge of the Empire Core Rulebook, or page 200 of the Age of Rebellion Core Rulebook, for details.
    </Description>
    <Source>No Source (Core Rulebooks)</Source>
    <Custom>AddedItem</Custom>
    <Type>Weapon</Type>
    <CategoryLimit>
      <Category>Blaster Pistol</Category>
      <Category>Heavy Blaster Pistol</Category>
      <Category>Blaster Carbine</Category>
      <Category>Blaster</Category>
      <Category>Blaster Rifle</Category>
    </CategoryLimit>
    <Price>500</Price>
    <Rarity>4</Rarity>
    <HP>1</HP>
    <BaseMods>
      <Mod>
        <Key>DAMADD</Key>
        <Count>1</Count>
      </Mod>
      <Mod>
        <Key>SETBACKADD</Key>
        <Count>1</Count>
      </Mod>
    </BaseMods>
    <AddedMods>
      <Mod>
        <Key>DAMADD</Key>
        <Count>2</Count>
      </Mod>
      <Mod>
        <Key>PIERCE</Key>
        <Count>2</Count>
      </Mod>
    </AddedMods>
  </ItemAttachment>
</ItemAttachments>