<?xml version="1.0"?>
<Talents xmlns:xsi="http://www.w3.org/2001/XMLSchema-instance" xmlns:xsd="http://www.w3.org/2001/XMLSchema">
  <Talent>
    <Key>ADV</Key>
    <Name>Adversary</Name>
    <Description>Upgrade difficulty of combat checks targeting this character per rank.</Description>
    <Sources>
      <Source Page="132">Edge of the Empire Core Rulebook</Source>
      <Source Page="142">Age of Rebellion Core Rulebook</Source>
    </Sources>
    <Custom>DescOnly</Custom>
    <Ranked>true</Ranked>
    <ActivationValue>taPassive</ActivationValue>
    <Activation>Passive</Activation>
  </Talent>
  <Talent>
    <Key>ARM</Key>
    <Name>Armor Master</Name>
    <Description>Increase soak by one when wearing armor.</Description>
    <Sources>
      <Source Page="132">Edge of the Empire Core Rulebook</Source>
      <Source Page="142">Age of Rebellion Core Rulebook</Source>
    </Sources>
    <Custom>DescOnly</Custom>
    <ActivationValue>taPassive</ActivationValue>
    <Attributes>
      <SoakValue>1</SoakValue>
      <Requirement>
        <WearingArmor>true</WearingArmor>
      </Requirement>
    </Attributes>
    <Activation>Passive</Activation>
  </Talent>
  <Talent>
    <Key>ARMIMP</Key>
    <Name>Armor Master (Improved)</Name>
    <Description>Increase defense by 1 when wearing armor of soak 2 or more.</Description>
    <Sources>
      <Source Page="132">Edge of the Empire Core Rulebook</Source>
      <Source Page="143">Age of Rebellion Core Rulebook</Source>
    </Sources>
    <Custom>DescOnly</Custom>
    <ActivationValue>taPassive</ActivationValue>
    <Attributes>
      <DefenseRanged>1</DefenseRanged>
      <DefenseMelee>1</DefenseMelee>
      <Requirement>
        <WearingArmor>true</WearingArmor>
        <SoakAtLeast>2</SoakAtLeast>
      </Requirement>
    </Attributes>
    <Activation>Passive</Activation>
  </Talent>
  <Talent>
    <Key>BACT</Key>
    <Name>Bacta Specialist</Name>
    <Description>Heal one additional Wound per rank for each wound healed in a Bacta tank or under medical or long term care.</Description>
    <Sources>
      <Source Page="132">Edge of the Empire Core Rulebook</Source>
      <Source Page="143">Age of Rebellion Core Rulebook</Source>
    </Sources>
    <Custom>DescOnly</Custom>
    <Ranked>true</Ranked>
    <ActivationValue>taPassive</ActivationValue>
    <Activation>Passive</Activation>
  </Talent>
  <Talent>
    <Key>BAL</Key>
    <Name>Balance</Name>
    <Description>Add force dice to strain recovery checks, gain +1 strain per [LI].</Description>
    <Sources>
      <Source Page="132">Edge of the Empire Core Rulebook</Source>
      <Source Page="143">Age of Rebellion Core Rulebook</Source>
    </Sources>
    <Custom>DescOnly</Custom>
    <ActivationValue>taManeuver</ActivationValue>
    <ForceTalent>true</ForceTalent>
    <Activation>Maneuver</Activation>
  </Talent>
  <Talent>
    <Key>BAR</Key>
    <Name>Barrage</Name>
    <Description>Add 1 damage per rank to 1 hit while using Ranged (Heavy) or Gunnery at long or extreme range.</Description>
    <Source Page="132">Edge of the Empire Core Rulebook</Source>
    <Custom>DescOnly</Custom>
    <Ranked>true</Ranked>
    <ActivationValue>taPassive</ActivationValue>
    <Activation>Passive</Activation>
  </Talent>
  <Talent>
    <Key>BLO</Key>
    <Name>Blooded</Name>
    <Description>Add [BOOST] per rank to checks to resist/recover from poisons/tocins, and reduce length of effect by 1 round per rank.</Description>
    <Sources>
      <Source Page="132">Edge of the Empire Core Rulebook</Source>
      <Source Page="143">Age of Rebellion Core Rulebook</Source>
    </Sources>
    <Custom>DescOnly</Custom>
    <Ranked>true</Ranked>
    <ActivationValue>taPassive</ActivationValue>
    <Activation>Passive</Activation>
  </Talent>
  <Talent>
    <Key>BOD</Key>
    <Name>Body Guard</Name>
    <Description>Use maneuver to suffer strain (x) up to number of ranks. Then upgrade all attacks against engadged ally by x, until start of ally's next turn.</Description>
    <Sources>
      <Source Page="132">Edge of the Empire Core Rulebook</Source>
      <Source Page="143">Age of Rebellion Core Rulebook</Source>
      <Source Page="140">Force and Destiny Core Rulebook</Source>
    </Sources>
    <Custom>DescOnly</Custom>
    <Ranked>true</Ranked>
    <ActivationValue>taManeuver</ActivationValue>
    <Activation>Maneuver</Activation>
  </Talent>
  <Talent>
    <Key>BRA</Key>
    <Name>Brace</Name>
    <Description>Use maneuver to remove [SETBACK] per rank from next skill check from environmental effects.</Description>
    <Sources>
      <Source Page="132">Edge of the Empire Core Rulebook</Source>
      <Source Page="143">Age of Rebellion Core Rulebook</Source>
    </Sources>
    <Custom>DescOnly</Custom>
    <Ranked>true</Ranked>
    <ActivationValue>taManeuver</ActivationValue>
    <Activation>Maneuver</Activation>
  </Talent>
  <Talent>
    <Key>BRI</Key>
    <Name>Brilliant Evasion</Name>
    <Description>Once per encounter select 1 opponent make opposing Piloting check to stop attacks for rounds equal to Agility.</Description>
    <Sources>
      <Source Page="132">Edge of the Empire Core Rulebook</Source>
      <Source Page="144">Age of Rebellion Core Rulebook</Source>
    </Sources>
    <Custom>DescOnly</Custom>
    <ActivationValue>taAction</ActivationValue>
    <Activation>Action</Activation>
  </Talent>
  <Talent>
    <Key>CLEVERSOLN</Key>
    <Name>Clever Solution</Name>
    <Description>Once per session, make one skill check using Cunning rather than the skill's characteristic.</Description>
    <Sources>
      <Source Page="144">Age of Rebellion Core Rulebook</Source>
      <Source Page="32">Fly Casual Sourcebook</Source>
    </Sources>
    <Custom>DescOnly</Custom>
    <ActivationValue>taIncidental</ActivationValue>
    <Activation>Incidental</Activation>
  </Talent>
  <Talent>
    <Key>CONV</Key>
    <Name>Convincing Demeanor</Name>
    <Description>Remove [SE] per rank from Deception or Skulduggery checks.</Description>
    <Sources>
      <Source Page="133">Edge of the Empire Core Rulebook</Source>
      <Source Page="145">Age of Rebellion Core Rulebook</Source>
    </Sources>
    <Custom>DescOnly</Custom>
    <Ranked>true</Ranked>
    <ActivationValue>taPassive</ActivationValue>
    <DieModifiers>
      <DieModifier>
        <SkillKey>DECEP</SkillKey>
        <SetbackCount>1</SetbackCount>
      </DieModifier>
      <DieModifier>
        <SkillKey>SKUL</SkillKey>
        <SetbackCount>1</SetbackCount>
      </DieModifier>
    </DieModifiers>
    <Activation>Passive</Activation>
  </Talent>
  <Talent>
    <Key>CRIPV</Key>
    <Name>Crippling Blow</Name>
    <Description>Increase difficulty of next combat check, on hit target suffers 1 strain per move for the encounter.</Description>
    <Sources>
      <Source Page="133">Edge of the Empire Core Rulebook</Source>
      <Source Page="145">Age of Rebellion Core Rulebook</Source>
      <Source Page="141">Force and Destiny Core Rulebook</Source>
    </Sources>
    <Custom>DescOnly</Custom>
    <ActivationValue>taIncidental</ActivationValue>
    <Activation>Incidental</Activation>
  </Talent>
  <Talent>
    <Key>DEAD</Key>
    <Name>Dead to Rights</Name>
    <Description>Spend 1 Destiny Point to add half Agility damage to a hit with ship or vehicle weaponry.</Description>
    <Sources>
      <Source Page="134">Edge of the Empire Core Rulebook</Source>
      <Source Page="145">Age of Rebellion Core Rulebook</Source>
    </Sources>
    <Custom>DescOnly</Custom>
    <ActivationValue>taIncidental</ActivationValue>
    <Activation>Incidental</Activation>
  </Talent>
  <Talent>
    <Key>DEADIMP</Key>
    <Name>Dead to Rights (Improved)</Name>
    <Description>Spend 1 Destiny Point to add Agility damage to a hit with ship or vehicle weaponry.</Description>
    <Sources>
      <Source Page="134">Edge of the Empire Core Rulebook</Source>
      <Source Page="145">Age of Rebellion Core Rulebook</Source>
    </Sources>
    <Custom>DescOnly</Custom>
    <ActivationValue>taIncidental</ActivationValue>
    <Activation>Incidental</Activation>
  </Talent>
  <Talent>
    <Key>DEADACC</Key>
    <Name>Deadly Accuracy</Name>
    <Description>Add 1 damage per rank to one hit on successful attack.</Description>
    <Sources>
      <Source Page="134">Edge of the Empire Core Rulebook</Source>
      <Source Page="145">Age of Rebellion Core Rulebook</Source>
    </Sources>
    <Custom>DescOnly</Custom>
    <Ranked>true</Ranked>
    <ActivationValue>taPassive</ActivationValue>
    <SkillChoice>
      <TypeValue>stCombat</TypeValue>
      <SkillCount>1</SkillCount>
      <AddDamagePerSkillRank>true</AddDamagePerSkillRank>
      <AddSkillsPerRank>true</AddSkillsPerRank>
      <Type>Combat</Type>
    </SkillChoice>
    <Activation>Passive</Activation>
  </Talent>
  <Talent>
    <Key>DEDI</Key>
    <Name>Dedication</Name>
    <Description>Gain +1 to any characteristic.</Description>
    <Sources>
      <Source Page="134">Edge of the Empire Core Rulebook</Source>
      <Source Page="145">Age of Rebellion Core Rulebook</Source>
      <Source Page="141">Force and Destiny Core Rulebook</Source>
    </Sources>
    <Custom>DescOnly</Custom>
    <Ranked>true</Ranked>
    <ActivationValue>taPassive</ActivationValue>
    <CharacteristicChoices>
      <CharacteristicChoice>
        <Bonus>1</Bonus>
      </CharacteristicChoice>
    </CharacteristicChoices>
    <Activation>Passive</Activation>
  </Talent>
  <Talent>
    <Key>DEFDRI</Key>
    <Name>Defensive Driving</Name>
    <Description>Increase defense or vehicle being piloted by 1 per rank.</Description>
    <Sources>
      <Source Page="134">Edge of the Empire Core Rulebook</Source>
      <Source Page="145">Age of Rebellion Core Rulebook</Source>
    </Sources>
    <Custom>DescOnly</Custom>
    <Ranked>true</Ranked>
    <ActivationValue>taPassive</ActivationValue>
    <Activation>Passive</Activation>
  </Talent>
  <Talent>
    <Key>DEFSTA</Key>
    <Name>Defensive Stance</Name>
    <Description>Upgrade difficulty of melee attacks until start of next turn once per strain suffered.</Description>
    <Sources>
      <Source Page="134">Edge of the Empire Core Rulebook</Source>
      <Source Page="146">Age of Rebellion Core Rulebook</Source>
      <Source Page="141">Force and Destiny Core Rulebook</Source>
    </Sources>
    <Custom>DescOnly</Custom>
    <Ranked>true</Ranked>
    <ActivationValue>taManeuver</ActivationValue>
    <Activation>Maneuver</Activation>
  </Talent>
  <Talent>
    <Key>DISOR</Key>
    <Name>Disorient</Name>
    <Description>Spend [ADVANTAGE][ADVANTAGE] to disorient (add [SETBACK] to all checks) foe when hit, for rounds equal to ranks.</Description>
    <Sources>
      <Source Page="135">Edge of the Empire Core Rulebook</Source>
      <Source Page="146">Age of Rebellion Core Rulebook</Source>
    </Sources>
    <Custom>DescOnly</Custom>
    <Ranked>true</Ranked>
    <ActivationValue>taPassive</ActivationValue>
    <Activation>Passive</Activation>
  </Talent>
  <Talent>
    <Key>DODGE</Key>
    <Name>Dodge</Name>
    <Description>When attacked, suffer strain and upgrade difficulty of attack by that amount.</Description>
    <Sources>
      <Source Page="135">Edge of the Empire Core Rulebook</Source>
      <Source Page="146">Age of Rebellion Core Rulebook</Source>
      <Source Page="142">Force and Destiny Core Rulebook</Source>
    </Sources>
    <Custom>DescOnly</Custom>
    <Ranked>true</Ranked>
    <ActivationValue>taIncidentalOOT</ActivationValue>
    <Activation>OOT Incidental</Activation>
  </Talent>
  <Talent>
    <Key>DURA</Key>
    <Name>Durable</Name>
    <Description>Reduce Critical Injury by 1o% per rank, minimum 1.</Description>
    <Sources>
      <Source Page="135">Edge of the Empire Core Rulebook</Source>
      <Source Page="146">Age of Rebellion Core Rulebook</Source>
      <Source Page="142">Force and Destiny Core Rulebook</Source>
    </Sources>
    <Custom>DescOnly</Custom>
    <Ranked>true</Ranked>
    <ActivationValue>taPassive</ActivationValue>
    <Activation>Passive</Activation>
  </Talent>
  <Talent>
    <Key>ENDUR</Key>
    <Name>Enduring</Name>
    <Description>Gain +1 soak value.</Description>
    <Sources>
      <Source Page="135">Edge of the Empire Core Rulebook</Source>
      <Source Page="146">Age of Rebellion Core Rulebook</Source>
      <Source Page="100">Force and Destiny Core Rulebook</Source>
    </Sources>
    <Custom>DescOnly</Custom>
    <Ranked>true</Ranked>
    <ActivationValue>taPassive</ActivationValue>
    <Attributes>
      <SoakValue>1</SoakValue>
    </Attributes>
    <Activation>Passive</Activation>
  </Talent>
  <Talent>
    <Key>EXTRACK</Key>
    <Name>Expert Tracker</Name>
    <Description>Remove [SETBACK] per rank to track or find tracks, halve time to track.</Description>
    <Sources>
      <Source Page="135">Edge of the Empire Core Rulebook</Source>
      <Source Page="146">Age of Rebellion Core Rulebook</Source>
      <Source Page="142">Force and Destiny Core Rulebook</Source>
    </Sources>
    <Custom>DescOnly</Custom>
    <Ranked>true</Ranked>
    <ActivationValue>taPassive</ActivationValue>
    <Activation>Passive</Activation>
  </Talent>
  <Talent>
    <Key>FERSTR</Key>
    <Name>Feral Strength</Name>
    <Description>+1 per rank to melee and brawl damage.</Description>
    <Sources>
      <Source Page="135">Edge of the Empire Core Rulebook</Source>
      <Source Page="146">Age of Rebellion Core Rulebook</Source>
    </Sources>
    <Custom>DescOnly</Custom>
    <Ranked>true</Ranked>
    <ActivationValue>taPassive</ActivationValue>
    <Damage>
      <Bonus>1</Bonus>
      <Skills>
        <Key>BRAWL</Key>
        <Key>MELEE</Key>
      </Skills>
    </Damage>
    <Activation>Passive</Activation>
  </Talent>
  <Talent>
    <Key>FORAG</Key>
    <Name>Forager</Name>
    <Description>Remove [SE][SE] from checks to find food, water or shelter. Survival checks to forage take half the time.</Description>
    <Sources>
      <Source Page="135">Edge of the Empire Core Rulebook</Source>
      <Source Page="143">Force and Destiny Core Rulebook</Source>
    </Sources>
    <Custom>DescOnly</Custom>
    <ActivationValue>taPassive</ActivationValue>
    <Activation>Passive</Activation>
  </Talent>
  <Talent>
    <Key>FORCERAT</Key>
    <Name>Force Rating</Name>
    <Description>Gain +1 to Force Rating.</Description>
    <Sources>
      <Source Page="135">Edge of the Empire Core Rulebook</Source>
      <Source Page="147">Age of Rebellion Core Rulebook</Source>
      <Source Page="143">Force and Destiny Core Rulebook</Source>
    </Sources>
    <Custom>DescOnly</Custom>
    <Ranked>true</Ranked>
    <ActivationValue>taPassive</ActivationValue>
    <Attributes>
      <ForceRating>1</ForceRating>
    </Attributes>
    <ForceTalent>true</ForceTalent>
    <Activation>Passive</Activation>
  </Talent>
  <Talent>
    <Key>FRENZ</Key>
    <Name>Frenzied Attack</Name>
    <Description>Upgrade melee or brawl attack by one for each strain suffered.</Description>
    <Source Page="135">Core Rulebook</Source>
    <Custom>DescOnly</Custom>
    <Ranked>true</Ranked>
    <ActivationValue>taIncidental</ActivationValue>
    <Activation>Incidental</Activation>
  </Talent>
  <Talent>
    <Key>FULLTH</Key>
    <Name>Full Throttle</Name>
    <Description>As an action, make a [DIFFICULTY][DIFFICULTY][DIFFICULTY]Piloting check to Increase vehicle speed by 1 for rounds equal to Cunning.</Description>
    <Sources>
      <Source Page="135">Edge of the Empire Core Rulebook</Source>
      <Source Page="147">Age of Rebellion Core Rulebook</Source>
      <Source Page="143">Force and Destiny Core Rulebook</Source>
    </Sources>
    <Custom>DescOnly</Custom>
    <ActivationValue>taAction</ActivationValue>
    <Activation>Action</Activation>
  </Talent>
  <Talent>
    <Key>FULLTHIMP</Key>
    <Name>Full Throttle (Improved)</Name>
    <Description>Suffer 1 strain to perform Full Throttle as a maneuver and decrease check to Average ([DIFFICULTY][DIFFICULTY]) .</Description>
    <Sources>
      <Source Page="136">Edge of the Empire Core Rulebook</Source>
      <Source Page="148">Age of Rebellion Core Rulebook</Source>
    </Sources>
    <Custom>DescOnly</Custom>
    <ActivationValue>taAction</ActivationValue>
    <Activation>Action</Activation>
  </Talent>
  <Talent>
    <Key>FULLTHSUP</Key>
    <Name>Full Throttle (Supreme)</Name>
    <Description>Full throttle speed increase by 2 instead of 1.</Description>
    <Sources>
      <Source Page="136">Edge of the Empire Core Rulebook</Source>
      <Source Page="148">Age of Rebellion Core Rulebook</Source>
    </Sources>
    <Custom>DescOnly</Custom>
    <ActivationValue>taPassive</ActivationValue>
    <Activation>Passive</Activation>
  </Talent>
  <Talent>
    <Key>GALMAP</Key>
    <Name>Galaxy Mapper</Name>
    <Description>Remove [SETBACK] per rank from Astrogation checks, and checks take 50% less time.</Description>
    <Sources>
      <Source Page="136">Edge of the Empire Core Rulebook</Source>
      <Source Page="148">Age of Rebellion Core Rulebook</Source>
      <Source Page="144">Force and Destiny Core Rulebook</Source>
    </Sources>
    <Custom>DescOnly</Custom>
    <Ranked>true</Ranked>
    <ActivationValue>taPassive</ActivationValue>
    <DieModifiers>
      <DieModifier>
        <SkillKey>ASTRO</SkillKey>
        <SetbackCount>1</SetbackCount>
      </DieModifier>
    </DieModifiers>
    <Activation>Passive</Activation>
  </Talent>
  <Talent>
    <Key>GRIT</Key>
    <Name>Grit</Name>
    <Description>Gain +1 strain threshold.</Description>
    <Sources>
      <Source Page="136">Edge of the Empire Core Rulebook</Source>
      <Source Page="148">Age of Rebellion Core Rulebook</Source>
      <Source Page="144">Force and Destiny Core Rulebook</Source>
    </Sources>
    <Custom>DescOnly</Custom>
    <Ranked>true</Ranked>
    <ActivationValue>taPassive</ActivationValue>
    <Attributes>
      <StrainThreshold>1</StrainThreshold>
    </Attributes>
    <Activation>Passive</Activation>
  </Talent>
  <Talent>
    <Key>HARDHD</Key>
    <Name>Hard Headed</Name>
    <Description>When staggered or disoriented, make a Daunting ([DIFFICULTY][DIFFICULTY][DIFFICULTY][DIFFICULTY]) Discipline check, to remove condition. Reduce difficulty by additional ranks.</Description>
    <Sources>
      <Source Page="136">Edge of the Empire Core Rulebook</Source>
      <Source Page="148">Age of Rebellion Core Rulebook</Source>
    </Sources>
    <Custom>DescOnly</Custom>
    <Ranked>true</Ranked>
    <ActivationValue>taAction</ActivationValue>
    <Activation>Action</Activation>
  </Talent>
  <Talent>
    <Key>HERO</Key>
    <Name>Heroic Fortitude</Name>
    <Description>Spend 1 Destiny Point to ignore effects of critical injuries on Brawn or Agility checks until end of encounter.</Description>
    <Sources>
      <Source Page="137">Edge of the Empire Core Rulebook</Source>
      <Source Page="148">Age of Rebellion Core Rulebook</Source>
      <Source Page="145">Force and Destiny Core Rulebook</Source>
    </Sources>
    <Custom>DescOnly</Custom>
    <ActivationValue>taIncidental</ActivationValue>
    <Activation>Incidental</Activation>
  </Talent>
  <Talent>
    <Key>HOLDTOG</Key>
    <Name>Hold Together</Name>
    <Description>Spend Destiny Point, as incidental convert Hull damage to Strain immediately after repairing the vehicle this encounter.</Description>
    <Sources>
      <Source Page="137">Edge of the Empire Core Rulebook</Source>
      <Source Page="149">Age of Rebellion Core Rulebook</Source>
    </Sources>
    <Custom>DescOnly</Custom>
    <ActivationValue>taIncidental</ActivationValue>
    <Activation>Incidental</Activation>
  </Talent>
  <Talent>
    <Key>INDIS</Key>
    <Name>Indistinguishable</Name>
    <Description>Upgrade difficulty of checks to identify character once per rank.</Description>
    <Sources>
      <Source Page="137">Edge of the Empire Core Rulebook</Source>
      <Source Page="149">Age of Rebellion Core Rulebook</Source>
      <Source Page="145">Force and Destiny Core Rulebook</Source>
    </Sources>
    <Custom>DescOnly</Custom>
    <Ranked>true</Ranked>
    <ActivationValue>taPassive</ActivationValue>
    <Activation>Passive</Activation>
  </Talent>
  <Talent>
    <Key>INSPRHET</Key>
    <Name>Inspiring Rhetoric</Name>
    <Description>[DIFFICULTY][DIFFICULTY] Leadership check, 1 ally (short range) per [SUCCESS] recovers 1 strain, 1 ally recovers 1 more strain per [ADVANTAGE]</Description>
    <Sources>
      <Source Page="137">Edge of the Empire Core Rulebook</Source>
      <Source Page="149">Age of Rebellion Core Rulebook</Source>
    </Sources>
    <Custom>DescOnly</Custom>
    <ActivationValue>taAction</ActivationValue>
    <Activation>Action</Activation>
  </Talent>
  <Talent>
    <Key>INSPRHETIMP</Key>
    <Name>Inspiring Rhetoric (Improved)</Name>
    <Description>Allies affected by Inspiring Rhetoric gain [BOOST] on all checks for rounds equal to ranks in Leadership.</Description>
    <Sources>
      <Source Page="137">Edge of the Empire Core Rulebook</Source>
      <Source Page="149">Age of Rebellion Core Rulebook</Source>
    </Sources>
    <Custom>DescOnly</Custom>
    <ActivationValue>taPassive</ActivationValue>
    <Activation>Passive</Activation>
  </Talent>
  <Talent>
    <Key>INSPRHETSUP</Key>
    <Name>Inspiring Rhetoric (Supreme)</Name>
    <Description>Suffer 1 strain to perform Inspiring Rhetoric as a maneuver not an action.</Description>
    <Sources>
      <Source Page="137">Edge of the Empire Core Rulebook</Source>
      <Source Page="149">Age of Rebellion Core Rulebook</Source>
    </Sources>
    <Custom>DescOnly</Custom>
    <ActivationValue>taIncidental</ActivationValue>
    <Activation>Incidental</Activation>
  </Talent>
  <Talent>
    <Key>INTENSFOC</Key>
    <Name>Intense Focus</Name>
    <Description>Maneuver plus one strain to upgrade the next skill check.</Description>
    <Sources>
      <Source Page="137">Edge of the Empire Core Rulebook</Source>
      <Source Page="150">Age of Rebellion Core Rulebook</Source>
    </Sources>
    <Custom>DescOnly</Custom>
    <ActivationValue>taManeuver</ActivationValue>
    <Activation>Maneuver</Activation>
  </Talent>
  <Talent>
    <Key>INTENSPRE</Key>
    <Name>Intense Presence</Name>
    <Description>Spend Destiny Point to recover strain equal to Presence.</Description>
    <Sources>
      <Source Page="137">Edge of the Empire Core Rulebook</Source>
      <Source Page="150">Age of Rebellion Core Rulebook</Source>
      <Source Page="145">Force and Destiny Core Rulebook</Source>
    </Sources>
    <Custom>DescOnly</Custom>
    <ActivationValue>taIncidentalOOT</ActivationValue>
    <Activation>OOT Incidental</Activation>
  </Talent>
  <Talent>
    <Key>INTIM</Key>
    <Name>Intimidating</Name>
    <Description>Downgrade difficulty of outgoing, or upgrade incoming Coersion checks per rank, suffer 1 strain per rank.</Description>
    <Sources>
      <Source Page="137">Edge of the Empire Core Rulebook</Source>
      <Source Page="150">Age of Rebellion Core Rulebook</Source>
      <Source Page="145">Force and Destiny Core Rulebook</Source>
    </Sources>
    <Custom>DescOnly</Custom>
    <Ranked>true</Ranked>
    <ActivationValue>taIncidentalOOT</ActivationValue>
    <Activation>OOT Incidental</Activation>
  </Talent>
  <Talent>
    <Key>JUMP</Key>
    <Name>Jump Up</Name>
    <Description>Once per round, stand up as incidental.</Description>
    <Sources>
      <Source Page="138">Edge of the Empire Core Rulebook</Source>
      <Source Page="150">Age of Rebellion Core Rulebook</Source>
      <Source Page="146">Force and Destiny Core Rulebook</Source>
    </Sources>
    <Custom>DescOnly</Custom>
    <ActivationValue>taIncidental</ActivationValue>
    <Activation>Incidental</Activation>
  </Talent>
  <Talent>
    <Key>JURY</Key>
    <Name>Jury Rigged</Name>
    <Description>Add 1 to any characteristic of one personal weapon or armor per rank.</Description>
    <Sources>
      <Source Page="138">Edge of the Empire Core Rulebook</Source>
      <Source Page="150">Age of Rebellion Core Rulebook</Source>
    </Sources>
    <Custom>DescOnly</Custom>
    <Ranked>true</Ranked>
    <ActivationValue>taPassive</ActivationValue>
    <JuryRigged>true</JuryRigged>
    <Activation>Passive</Activation>
  </Talent>
  <Talent>
    <Key>KILL</Key>
    <Name>Kill With Kindness</Name>
    <Description>Remove [SETBACK] per rank from Charm or Leardership checks.</Description>
    <Sources>
      <Source Page="138">Edge of the Empire Core Rulebook</Source>
      <Source Page="150">Age of Rebellion Core Rulebook</Source>
      <Source Page="146">Force and Destiny Core Rulebook</Source>
    </Sources>
    <Custom>DescOnly</Custom>
    <Ranked>true</Ranked>
    <ActivationValue>taPassive</ActivationValue>
    <DieModifiers>
      <DieModifier>
        <SkillKey>CHARM</SkillKey>
        <SetbackCount>1</SetbackCount>
      </DieModifier>
      <DieModifier>
        <SkillKey>LEAD</SkillKey>
        <SetbackCount>1</SetbackCount>
      </DieModifier>
    </DieModifiers>
    <Activation>Passive</Activation>
  </Talent>
  <Talent>
    <Key>KNOCK</Key>
    <Name>Knockdown</Name>
    <Description>May spent [TRIUMPH] to knockdown apponnent on hit. Additional  [TRIUMPH] required for each silhouette +1.</Description>
    <Sources>
      <Source Page="138">Edge of the Empire Core Rulebook</Source>
      <Source Page="150">Age of Rebellion Core Rulebook</Source>
    </Sources>
    <Custom>DescOnly</Custom>
    <ActivationValue>taPassive</ActivationValue>
    <Activation>Passive</Activation>
  </Talent>
  <Talent>
    <Key>LETSRIDE</Key>
    <Name>Let's Ride</Name>
    <Description>Mount or dismount, enter cockpit or weapon station as incidental.</Description>
    <Sources>
      <Source Page="138">Edge of the Empire Core Rulebook</Source>
      <Source Page="151">Age of Rebellion Core Rulebook</Source>
    </Sources>
    <Custom>DescOnly</Custom>
    <ActivationValue>taIncidental</ActivationValue>
    <Activation>Incidental</Activation>
  </Talent>
  <Talent>
    <Key>LETHALBL</Key>
    <Name>Lethal Blows</Name>
    <Description>Add +10 per rank to Critical injuries inflicted.</Description>
    <Sources>
      <Source Page="138">Edge of the Empire Core Rulebook</Source>
      <Source Page="151">Age of Rebellion Core Rulebook</Source>
    </Sources>
    <Custom>DescOnly</Custom>
    <Ranked>true</Ranked>
    <ActivationValue>taPassive</ActivationValue>
    <Activation>Passive</Activation>
  </Talent>
  <Talent>
    <Key>MASSHAD</Key>
    <Name>Master of Shadows</Name>
    <Description>Once per session, suffer 2 strain to descrease difficulty of Stealth or Skullduggery check by 1.</Description>
    <Sources>
      <Source Page="138">Edge of the Empire Core Rulebook</Source>
      <Source Page="151">Age of Rebellion Core Rulebook</Source>
      <Source Page="146">Force and Destiny Core Rulebook</Source>
    </Sources>
    <Custom>DescOnly</Custom>
    <ActivationValue>taIncidental</ActivationValue>
    <Activation>Incidental</Activation>
  </Talent>
  <Talent>
    <Key>MASPIL</Key>
    <Name>Master Pilot</Name>
    <Description>Once per round when piloting a starship, may suffer 2 strain to perform action as maneuver.</Description>
    <Sources>
      <Source Page="138">Edge of the Empire Core Rulebook</Source>
      <Source Page="151">Age of Rebellion Core Rulebook</Source>
    </Sources>
    <Custom>DescOnly</Custom>
    <ActivationValue>taIncidental</ActivationValue>
    <Activation>Incidental</Activation>
  </Talent>
  <Talent>
    <Key>NATBRAW</Key>
    <Name>Natural Brawler</Name>
    <Description>Once per session may re-roll a Brawl or Melee check.</Description>
    <Sources>
      <Source Page="139">Edge of the Empire Core Rulebook</Source>
      <Source Page="153">Age of Rebellion Core Rulebook</Source>
    </Sources>
    <Custom>DescOnly</Custom>
    <ActivationValue>taIncidental</ActivationValue>
    <Activation>Incidental</Activation>
  </Talent>
  <Talent>
    <Key>NATCHARM</Key>
    <Name>Natural Charmer</Name>
    <Description>Once per session, re-roll Charm or Deception check.</Description>
    <Sources>
      <Source Page="139">Edge of the Empire Core Rulebook</Source>
      <Source Page="153">Age of Rebellion Core Rulebook</Source>
      <Source Page="147">Force and Destiny Core Rulebook</Source>
    </Sources>
    <Custom>DescOnly</Custom>
    <ActivationValue>taIncidental</ActivationValue>
    <Activation>Incidental</Activation>
  </Talent>
  <Talent>
    <Key>NATMAR</Key>
    <Name>Natural Marksman</Name>
    <Description>One per session re-roll ranged light or heavy check.</Description>
    <Sources>
      <Source Page="139">Edge of the Empire Core Rulebook</Source>
      <Source Page="153">Age of Rebellion Core Rulebook</Source>
    </Sources>
    <Custom>DescOnly</Custom>
    <ActivationValue>taIncidental</ActivationValue>
    <Activation>Incidental</Activation>
  </Talent>
  <Talent>
    <Key>NATOUT</Key>
    <Name>Natural Outdoorsman</Name>
    <Description>Once per session, re-roll Resilience or Survival check.</Description>
    <Sources>
      <Source Page="139">Edge of the Empire Core Rulebook</Source>
      <Source Page="153">Age of Rebellion Core Rulebook</Source>
      <Source Page="148">Force and Destiny Core Rulebook</Source>
    </Sources>
    <Custom>DescOnly</Custom>
    <ActivationValue>taIncidental</ActivationValue>
    <Activation>Incidental</Activation>
  </Talent>
  <Talent>
    <Key>NATPIL</Key>
    <Name>Natural Pilot</Name>
    <Description>Once per session may re-roll Piloting or Gunnery check.</Description>
    <Sources>
      <Source Page="139">Edge of the Empire Core Rulebook</Source>
      <Source Page="153">Age of Rebellion Core Rulebook</Source>
    </Sources>
    <Custom>DescOnly</Custom>
    <ActivationValue>taIncidental</ActivationValue>
    <Activation>Incidental</Activation>
  </Talent>
  <Talent>
    <Key>NATROG</Key>
    <Name>Natural Rogue</Name>
    <Description>Once per session maye re-roll any 1 Stealth or Skulldugery check.</Description>
    <Sources>
      <Source Page="139">Edge of the Empire Core Rulebook</Source>
      <Source Page="153">Age of Rebellion Core Rulebook</Source>
    </Sources>
    <Custom>DescOnly</Custom>
    <ActivationValue>taIncidental</ActivationValue>
    <Activation>Incidental</Activation>
  </Talent>
  <Talent>
    <Key>NOBFOOL</Key>
    <Name>Nobody's Fool</Name>
    <Description>Upgade difficult of incoming Charm, Coersion and Deception per rank.</Description>
    <Sources>
      <Source Page="139">Edge of the Empire Core Rulebook</Source>
      <Source Page="153">Age of Rebellion Core Rulebook</Source>
      <Source Page="148">Force and Destiny Core Rulebook</Source>
    </Sources>
    <Custom>DescOnly</Custom>
    <Ranked>true</Ranked>
    <ActivationValue>taPassive</ActivationValue>
    <Activation>Passive</Activation>
  </Talent>
  <Talent>
    <Key>OVEREM</Key>
    <Name>Overwhelm Emotions</Name>
    <Description>Add [FO] per rank to Charm,Coersion or Deception checks. [LI] add [SU] to some checks [DA] to others.</Description>
    <Source Page="141">Edge of the Empire Core Rulebook</Source>
    <Custom>DescOnly</Custom>
    <ActivationValue>taPassive</ActivationValue>
    <ForceTalent>true</ForceTalent>
    <Activation>Passive</Activation>
  </Talent>
  <Talent>
    <Key>PHYSTRAIN</Key>
    <Name>Physical Training</Name>
    <Description>Add [BOOST] per rank to Athletics and Resilience checks.</Description>
    <Source Page="154">Age of Rebellion Core Rulebook</Source>
    <Custom>DescOnly</Custom>
    <Ranked>true</Ranked>
    <ActivationValue>taPassive</ActivationValue>
    <DieModifiers>
      <DieModifier>
        <SkillKey>ATHL</SkillKey>
        <BoostCount>1</BoostCount>
      </DieModifier>
      <DieModifier>
        <SkillKey>RESIL</SkillKey>
        <BoostCount>1</BoostCount>
      </DieModifier>
    </DieModifiers>
    <Activation>Passive</Activation>
  </Talent>
  <Talent>
    <Key>PLAUSDEN</Key>
    <Name>Plausible Deniability</Name>
    <Description>Remove [SETBACK] per rank from Coersion and Deception checks.</Description>
    <Sources>
      <Source Page="141">Edge of the Empire Core Rulebook</Source>
      <Source Page="154">Age of Rebellion Core Rulebook</Source>
      <Source Page="149">Force and Destiny Core Rulebook</Source>
    </Sources>
    <Custom>DescOnly</Custom>
    <Ranked>true</Ranked>
    <ActivationValue>taPassive</ActivationValue>
    <DieModifiers>
      <DieModifier>
        <SkillKey>COERC</SkillKey>
        <SetbackCount>1</SetbackCount>
      </DieModifier>
      <DieModifier>
        <SkillKey>DECEP</SkillKey>
        <SetbackCount>1</SetbackCount>
      </DieModifier>
    </DieModifiers>
    <Activation>Passive</Activation>
  </Talent>
  <Talent>
    <Key>POINTBL</Key>
    <Name>Point Blank</Name>
    <Description>Add 1 damage per rank to one hit per attack using Ranged skills at short or engaged range.</Description>
    <Sources>
      <Source Page="141">Edge of the Empire Core Rulebook</Source>
      <Source Page="154">Age of Rebellion Core Rulebook</Source>
    </Sources>
    <Custom>DescOnly</Custom>
    <Ranked>true</Ranked>
    <ActivationValue>taPassive</ActivationValue>
    <Activation>Passive</Activation>
  </Talent>
  <Talent>
    <Key>PRECAIM</Key>
    <Name>Precise Aim</Name>
    <Description>Remove [SETBACK] from target's defense per number of strain suffered.</Description>
    <Source Page="141">Edge of the Empire Core Rulebook</Source>
    <Custom>DescOnly</Custom>
    <Ranked>true</Ranked>
    <ActivationValue>taManeuver</ActivationValue>
    <Activation>Maneuver</Activation>
  </Talent>
  <Talent>
    <Key>QUICKDR</Key>
    <Name>Quick Draw</Name>
    <Description>Once per round may draw or holster item as incidental.</Description>
    <Sources>
      <Source Page="141">Edge of the Empire Core Rulebook</Source>
      <Source Page="154">Age of Rebellion Core Rulebook</Source>
      <Source Page="149">Force and Destiny Core Rulebook</Source>
    </Sources>
    <Custom>DescOnly</Custom>
    <ActivationValue>taIncidental</ActivationValue>
    <Activation>Incidental</Activation>
  </Talent>
  <Talent>
    <Key>QUICKFIX</Key>
    <Name>Quick Fix</Name>
    <Description>Once per session make skill check using Aglity instead of skill characteristic.</Description>
    <Source Page="154">Age of Rebellion Core Rulebook</Source>
    <Custom>DescOnly</Custom>
    <ActivationValue>taIncidental</ActivationValue>
    <Activation>Incidental</Activation>
  </Talent>
  <Talent>
    <Key>QUICKST</Key>
    <Name>Quick Strike</Name>
    <Description>Add [BOOST] per rank to combat checks against target that have not acted.</Description>
    <Sources>
      <Source Page="141">Edge of the Empire Core Rulebook</Source>
      <Source Page="154">Age of Rebellion Core Rulebook</Source>
      <Source Page="150">Force and Destiny Core Rulebook</Source>
    </Sources>
    <Custom>DescOnly</Custom>
    <Ranked>true</Ranked>
    <ActivationValue>taPassive</ActivationValue>
    <Activation>Passive</Activation>
  </Talent>
  <Talent>
    <Key>RAPREA</Key>
    <Name>Rapid Reaction</Name>
    <Description>Suffer strain up to ranks to add [SU] equal to strain to initiative.</Description>
    <Sources>
      <Source Page="141">Edge of the Empire Core Rulebook</Source>
      <Source Page="154">Age of Rebellion Core Rulebook</Source>
      <Source Page="150">Force and Destiny Core Rulebook</Source>
    </Sources>
    <Custom>DescOnly</Custom>
    <Ranked>true</Ranked>
    <ActivationValue>taIncidentalOOT</ActivationValue>
    <Activation>OOT Incidental</Activation>
  </Talent>
  <Talent>
    <Key>RAPREC</Key>
    <Name>Rapid Recovery</Name>
    <Description>When recovering strain after encounter recover 1 exra per rank.</Description>
    <Sources>
      <Source Page="141">Edge of the Empire Core Rulebook</Source>
      <Source Page="154">Age of Rebellion Core Rulebook</Source>
      <Source Page="150">Force and Destiny Core Rulebook</Source>
    </Sources>
    <Custom>DescOnly</Custom>
    <Ranked>true</Ranked>
    <ActivationValue>taPassive</ActivationValue>
    <Activation>Passive</Activation>
  </Talent>
  <Talent>
    <Key>RESOLVE</Key>
    <Name>Resolve</Name>
    <Description>When involuntarily suffering strain, suffer 1 less strain, minimum 1.</Description>
    <Sources>
      <Source Page="142">Edge of the Empire Core Rulebook</Source>
      <Source Page="155">Age of Rebellion Core Rulebook</Source>
    </Sources>
    <Custom>DescOnly</Custom>
    <Ranked>true</Ranked>
    <ActivationValue>taPassive</ActivationValue>
    <Activation>Passive</Activation>
  </Talent>
  <Talent>
    <Key>SCATH</Key>
    <Name>Scathing Tirade</Name>
    <Description>Average ([DIFFICULTY][DIFFICULTY]) Coersion check, 1 enemy per[SUCCESS] in short range suffer 1 strain, add 1 strain per [ADVANTAGE].</Description>
    <Sources>
      <Source Page="142">Edge of the Empire Core Rulebook</Source>
      <Source Page="155">Age of Rebellion Core Rulebook</Source>
    </Sources>
    <Custom>DescOnly</Custom>
    <ActivationValue>taAction</ActivationValue>
    <Activation>Action</Activation>
  </Talent>
  <Talent>
    <Key>SCATHIMP</Key>
    <Name>Scathing Tirade (Improved)</Name>
    <Description>Enemies effected by Scathing Tirade suffer [SETBACK] on all checks for rounds equal to Coersion.</Description>
    <Sources>
      <Source Page="142">Edge of the Empire Core Rulebook</Source>
      <Source Page="155">Age of Rebellion Core Rulebook</Source>
    </Sources>
    <Custom>DescOnly</Custom>
    <ActivationValue>taPassive</ActivationValue>
    <Activation>Passive</Activation>
  </Talent>
  <Talent>
    <Key>SCATHSUP</Key>
    <Name>Scathing Tirade (Supreme)</Name>
    <Description>Suffer 1 strain to perform Scathing Tirade as a maneuver not an action.</Description>
    <Sources>
      <Source Page="142">Edge of the Empire Core Rulebook</Source>
      <Source Page="155">Age of Rebellion Core Rulebook</Source>
    </Sources>
    <Custom>DescOnly</Custom>
    <ActivationValue>taIncidental</ActivationValue>
    <Activation>Incidental</Activation>
  </Talent>
  <Talent>
    <Key>SENSDANG</Key>
    <Name>Sense Danger</Name>
    <Description>Once per session remove [SETBACK][SETBACK] from any single skill check.</Description>
    <Sources>
      <Source Page="142">Edge of the Empire Core Rulebook</Source>
      <Source Page="155">Age of Rebellion Core Rulebook</Source>
      <Source Page="151">Force and Destiny Core Rulebook</Source>
    </Sources>
    <Custom>DescOnly</Custom>
    <ActivationValue>taIncidental</ActivationValue>
    <ForceTalent>true</ForceTalent>
    <Activation>Incidental</Activation>
  </Talent>
  <Talent>
    <Key>SENSDEMO</Key>
    <Name>Sense Emotions</Name>
    <Description>The character adds [BOOST] to all Charm, Coersion and Deception checks unless the target is immune to Force Powers.</Description>
    <Sources>
      <Source Page="142">Edge of the Empire Core Rulebook</Source>
      <Source Page="151">Force and Destiny Core Rulebook</Source>
    </Sources>
    <Custom>DescOnly</Custom>
    <ActivationValue>taPassive</ActivationValue>
    <DieModifiers>
      <DieModifier>
        <SkillKey>CHARM</SkillKey>
        <BoostCount>1</BoostCount>
      </DieModifier>
      <DieModifier>
        <SkillKey>COERC</SkillKey>
        <BoostCount>1</BoostCount>
      </DieModifier>
      <DieModifier>
        <SkillKey>DECEP</SkillKey>
        <BoostCount>1</BoostCount>
      </DieModifier>
    </DieModifiers>
    <ForceTalent>true</ForceTalent>
    <Activation>Passive</Activation>
  </Talent>
  <Talent>
    <Key>SIDESTEP</Key>
    <Name>Side Step</Name>
    <Description>Suffer strain up to ranks in Side Step, to upgrade difficulty of incoming ranged attacks by that number for the next round.</Description>
    <Sources>
      <Source Page="142">Edge of the Empire Core Rulebook</Source>
      <Source Page="156">Age of Rebellion Core Rulebook</Source>
      <Source Page="151">Force and Destiny Core Rulebook</Source>
    </Sources>
    <Custom>DescOnly</Custom>
    <Ranked>true</Ranked>
    <ActivationValue>taManeuver</ActivationValue>
    <Activation>Maneuver</Activation>
  </Talent>
  <Talent>
    <Key>SIXSENSE</Key>
    <Name>Sixth Sense</Name>
    <Description>Gain +1 ranged defense.</Description>
    <Sources>
      <Source Page="142">Edge of the Empire Core Rulebook</Source>
      <Source Page="156">Age of Rebellion Core Rulebook</Source>
      <Source Page="152">Force and Destiny Core Rulebook</Source>
    </Sources>
    <Custom>DescOnly</Custom>
    <ActivationValue>taPassive</ActivationValue>
    <Attributes>
      <DefenseRanged>1</DefenseRanged>
    </Attributes>
    <Activation>Passive</Activation>
  </Talent>
  <Talent>
    <Key>SKILLJOCK</Key>
    <Name>Skilled Jockey</Name>
    <Description>Remove [SETBACK]  per rank from all Piloting checks.</Description>
    <Sources>
      <Source Page="142">Edge of the Empire Core Rulebook</Source>
      <Source Page="156">Age of Rebellion Core Rulebook</Source>
      <Source Page="152">Force and Destiny Core Rulebook</Source>
    </Sources>
    <Custom>DescOnly</Custom>
    <Ranked>true</Ranked>
    <ActivationValue>taPassive</ActivationValue>
    <DieModifiers>
      <DieModifier>
        <SkillKey>PILOTPL</SkillKey>
        <SetbackCount>1</SetbackCount>
      </DieModifier>
      <DieModifier>
        <SkillKey>PILOTSP</SkillKey>
        <SetbackCount>1</SetbackCount>
      </DieModifier>
    </DieModifiers>
    <Activation>Passive</Activation>
  </Talent>
  <Talent>
    <Key>SMOOTHTALK</Key>
    <Name>Smooth Talker</Name>
    <Description>May spend [TRIUMPH] to gain additional [SUCCESS] equal to ranks in smooth talker.</Description>
    <Sources>
      <Source Page="142">Edge of the Empire Core Rulebook</Source>
      <Source Page="156">Age of Rebellion Core Rulebook</Source>
      <Source Page="152">Force and Destiny Core Rulebook</Source>
    </Sources>
    <Custom>DescOnly</Custom>
    <Ranked>true</Ranked>
    <ActivationValue>taIncidental</ActivationValue>
    <SkillChoice>
      <SkillCount>1</SkillCount>
      <SkillList>
        <Key>CHARM</Key>
        <Key>COERC</Key>
        <Key>NEG</Key>
        <Key>DECEP</Key>
      </SkillList>
      <Type />
    </SkillChoice>
    <Activation>Incidental</Activation>
  </Talent>
  <Talent>
    <Key>STUNBLIMP</Key>
    <Name>Stunning Blow (Improved)</Name>
    <Description>When dealing Strain with Melee or Brawl check, may spend [TRIUMPH] to stagger target, for one round per [TRIUMPH] spent.</Description>
    <Sources>
      <Source Page="144">Edge of the Empire Core Rulebook</Source>
      <Source Page="157">Age of Rebellion Core Rulebook</Source>
    </Sources>
    <Custom>DescOnly</Custom>
    <ActivationValue>taIncidental</ActivationValue>
    <Activation>Incidental</Activation>
  </Talent>
  <Talent>
    <Key>SOFTSP</Key>
    <Name>Soft Spot</Name>
    <Description>Spend a Destiny Point to add damage equal to cunning to one hit.</Description>
    <Sources>
      <Source Page="143">Edge of the Empire Core Rulebook</Source>
      <Source Page="156">Age of Rebellion Core Rulebook</Source>
      <Source Page="152">Force and Destiny Core Rulebook</Source>
    </Sources>
    <Custom>DescOnly</Custom>
    <ActivationValue>taIncidental</ActivationValue>
    <Activation>Incidental</Activation>
  </Talent>
  <Talent>
    <Key>STALK</Key>
    <Name>Stalker</Name>
    <Description>Add [BOOST] per rank to all Stealth and Coordination checks.</Description>
    <Sources>
      <Source Page="143">Edge of the Empire Core Rulebook</Source>
      <Source Page="157">Age of Rebellion Core Rulebook</Source>
    </Sources>
    <Custom>DescOnly</Custom>
    <Ranked>true</Ranked>
    <ActivationValue>taPassive</ActivationValue>
    <DieModifiers>
      <DieModifier>
        <SkillKey>COORD</SkillKey>
        <BoostCount>1</BoostCount>
      </DieModifier>
      <DieModifier>
        <SkillKey>STEAL</SkillKey>
        <BoostCount>1</BoostCount>
      </DieModifier>
    </DieModifiers>
    <Activation>Passive</Activation>
  </Talent>
  <Talent>
    <Key>STNERV</Key>
    <Name>Steely Nerves</Name>
    <Description>Spend 1 Destiny Point to ignore Critical Injuries that effect Willpower or Presense checks until end of encounter.</Description>
    <Sources>
      <Source Page="143">Edge of the Empire Core Rulebook</Source>
      <Source Page="157">Age of Rebellion Core Rulebook</Source>
      <Source Page="152">Force and Destiny Core Rulebook</Source>
    </Sources>
    <Custom>DescOnly</Custom>
    <ActivationValue>taIncidental</ActivationValue>
    <Activation>Incidental</Activation>
  </Talent>
  <Talent>
    <Key>STRSMART</Key>
    <Name>Street Smarts</Name>
    <Description>Remove [SE] per rank from Streetwise or Knowledge (Underworld) checks.</Description>
    <Sources>
      <Source Page="144">Edge of the Empire Core Rulebook</Source>
      <Source Page="157">Age of Rebellion Core Rulebook</Source>
      <Source Page="152">Force and Destiny Core Rulebook</Source>
    </Sources>
    <Custom>DescOnly</Custom>
    <Ranked>true</Ranked>
    <ActivationValue>taPassive</ActivationValue>
    <DieModifiers>
      <DieModifier>
        <SkillKey>SW</SkillKey>
        <SetbackCount>1</SetbackCount>
      </DieModifier>
      <DieModifier>
        <SkillKey>UND</SkillKey>
        <SetbackCount>1</SetbackCount>
      </DieModifier>
    </DieModifiers>
    <Activation>Passive</Activation>
  </Talent>
  <Talent>
    <Key>STRONG</Key>
    <Name>Strong Arm</Name>
    <Description>Thrown weapons have range +1, to maximum of medium range.</Description>
    <Sources>
      <Source Page="144">Edge of the Empire Core Rulebook</Source>
      <Source Page="157">Age of Rebellion Core Rulebook</Source>
    </Sources>
    <Custom>DescOnly</Custom>
    <ActivationValue>taPassive</ActivationValue>
    <Activation>Passive</Activation>
  </Talent>
  <Talent>
    <Key>STUNBL</Key>
    <Name>Stunning Blow</Name>
    <Description>Deal Strain instead of Wounds for Melee attacks (does not ignore Soak).</Description>
    <Sources>
      <Source Page="144">Edge of the Empire Core Rulebook</Source>
      <Source Page="157">Age of Rebellion Core Rulebook</Source>
    </Sources>
    <Custom>DescOnly</Custom>
    <ActivationValue>taIncidental</ActivationValue>
    <Activation>Incidental</Activation>
  </Talent>
  <Talent>
    <Key>UNSTOP</Key>
    <Name>Unstoppable</Name>
    <Description>A critical injury of %1 has no effect.</Description>
    <Source Page="159">Age of Rebellion Core Rulebook</Source>
    <Custom>DescOnly</Custom>
    <ActivationValue>taPassive</ActivationValue>
    <Activation>Passive</Activation>
  </Talent>
  <Talent>
    <Key>SUPREF</Key>
    <Name>Superior Reflexes</Name>
    <Description>Gain +1 to melee defense.</Description>
    <Sources>
      <Source Page="144">Edge of the Empire Core Rulebook</Source>
      <Source Page="157">Age of Rebellion Core Rulebook</Source>
    </Sources>
    <Custom>DescOnly</Custom>
    <ActivationValue>taPassive</ActivationValue>
    <Attributes>
      <DefenseMelee>1</DefenseMelee>
    </Attributes>
    <Activation>Passive</Activation>
  </Talent>
  <Talent>
    <Key>SURG</Key>
    <Name>Surgeon</Name>
    <Description>Heal one Wound extra per rank when making a Medical check.</Description>
    <Sources>
      <Source Page="144">Edge of the Empire Core Rulebook</Source>
      <Source Page="158">Age of Rebellion Core Rulebook</Source>
      <Source Page="153">Force and Destiny Core Rulebook</Source>
    </Sources>
    <Custom>DescOnly</Custom>
    <Ranked>true</Ranked>
    <ActivationValue>taPassive</ActivationValue>
    <Activation>Passive</Activation>
  </Talent>
  <Talent>
    <Key>TARGBL</Key>
    <Name>Targeted Blow</Name>
    <Description>Spend one Destiny Point to add damage equal to Agility to one hit.</Description>
    <Sources>
      <Source Page="144">Edge of the Empire Core Rulebook</Source>
      <Source Page="158">Age of Rebellion Core Rulebook</Source>
    </Sources>
    <Custom>DescOnly</Custom>
    <ActivationValue>taIncidental</ActivationValue>
    <Activation>Incidental</Activation>
  </Talent>
  <Talent>
    <Key>TINK</Key>
    <Name>Tinkerer</Name>
    <Description>Increase the number of hard points of an item by one.</Description>
    <Sources>
      <Source Page="145">Edge of the Empire Core Rulebook</Source>
      <Source Page="158">Age of Rebellion Core Rulebook</Source>
    </Sources>
    <Custom>DescOnly</Custom>
    <Ranked>true</Ranked>
    <ActivationValue>taPassive</ActivationValue>
    <AddlHP>1</AddlHP>
    <Activation>Passive</Activation>
  </Talent>
  <Talent>
    <Key>TOUCH</Key>
    <Name>Touch of Fate</Name>
    <Description>Once per session, add [BO][BO] to any skill check.</Description>
    <Sources>
      <Source Page="145">Edge of the Empire Core Rulebook</Source>
      <Source Page="158">Age of Rebellion Core Rulebook</Source>
      <Source Page="153">Force and Destiny Core Rulebook</Source>
    </Sources>
    <Custom>DescOnly</Custom>
    <ActivationValue>taIncidental</ActivationValue>
    <ForceTalent>true</ForceTalent>
    <Activation>Incidental</Activation>
  </Talent>
  <Talent>
    <Key>TOUGH</Key>
    <Name>Toughened</Name>
    <Description>Wound threshold +2 per rank.</Description>
    <Sources>
      <Source Page="145">Edge of the Empire Core Rulebook</Source>
      <Source Page="158">Age of Rebellion Core Rulebook</Source>
      <Source Page="153">Force and Destiny Core Rulebook</Source>
    </Sources>
    <Custom>DescOnly</Custom>
    <Ranked>true</Ranked>
    <ActivationValue>taPassive</ActivationValue>
    <Attributes>
      <WoundThreshold>2</WoundThreshold>
    </Attributes>
    <Activation>Passive</Activation>
  </Talent>
  <Talent>
    <Key>TRICK</Key>
    <Name>Tricky Target</Name>
    <Description>Count vehicle piloted as having silhouette 1 lower when attacked.</Description>
    <Sources>
      <Source Page="145">Edge of the Empire Core Rulebook</Source>
      <Source Page="158">Age of Rebellion Core Rulebook</Source>
      <Source Page="153">Force and Destiny Core Rulebook</Source>
    </Sources>
    <Custom>DescOnly</Custom>
    <ActivationValue>taPassive</ActivationValue>
    <Activation>Passive</Activation>
  </Talent>
  <Talent>
    <Key>TRUEAIM</Key>
    <Name>True Aim</Name>
    <Description>Aim maneuver upgrades combat check once per rank.</Description>
    <Sources>
      <Source Page="145">Edge of the Empire Core Rulebook</Source>
      <Source Page="158">Age of Rebellion Core Rulebook</Source>
    </Sources>
    <Custom>DescOnly</Custom>
    <Ranked>true</Ranked>
    <ActivationValue>taManeuver</ActivationValue>
    <Activation>Maneuver</Activation>
  </Talent>
  <Talent>
    <Key>UNCANREAC</Key>
    <Name>Uncanny Reactions</Name>
    <Description>Add [BO] per rank to all Vigilence checks.</Description>
    <Sources>
      <Source Page="145">Edge of the Empire Core Rulebook</Source>
      <Source Page="158">Age of Rebellion Core Rulebook</Source>
      <Source Page="153">Force and Destiny Core Rulebook</Source>
    </Sources>
    <Custom>DescOnly</Custom>
    <Ranked>true</Ranked>
    <ActivationValue>taPassive</ActivationValue>
    <DieModifiers>
      <DieModifier>
        <SkillKey>VIGIL</SkillKey>
        <BoostCount>1</BoostCount>
      </DieModifier>
    </DieModifiers>
    <ForceTalent>true</ForceTalent>
    <Activation>Passive</Activation>
  </Talent>
  <Talent>
    <Key>UNCANSENS</Key>
    <Name>Uncanny Senses</Name>
    <Description>Add [BO] per rank to Perception checks.</Description>
    <Sources>
      <Source Page="145">Edge of the Empire Core Rulebook</Source>
      <Source Page="158">Age of Rebellion Core Rulebook</Source>
      <Source Page="153">Force and Destiny Core Rulebook</Source>
    </Sources>
    <Custom>DescOnly</Custom>
    <Ranked>true</Ranked>
    <ActivationValue>taPassive</ActivationValue>
    <DieModifiers>
      <DieModifier>
        <SkillKey>PERC</SkillKey>
        <BoostCount>1</BoostCount>
      </DieModifier>
    </DieModifiers>
    <ForceTalent>true</ForceTalent>
    <Activation>Passive</Activation>
  </Talent>
  <Talent>
    <Key>HEROICRES</Key>
    <Name>Heroic Resilience</Name>
    <Description>After being hit, before damage, spend 1 destiny point to increase soak by 1 per rank.
    </Description>
    <Source Page="32">Dangerous Covenants</Source>
    <Custom>DescOnly</Custom>
    <ActivationValue>taIncidental</ActivationValue>
    <Activation>Incidental</Activation>
  </Talent>
  <Talent>
    <Key>WELLROUND</Key>
    <Name>Well Rounded</Name>
    <Description>Choose 2 skills that become career skills.</Description>
    <Sources>
      <Source Page="145">Edge of the Empire Core Rulebook</Source>
      <Source Page="159">Age of Rebellion Core Rulebook</Source>
      <Source Page="153">Force and Destiny Core Rulebook</Source>
    </Sources>
    <Custom>DescOnly</Custom>
    <Ranked>true</Ranked>
    <ActivationValue>taPassive</ActivationValue>
    <ChooseCareerSkills>
      <SkillCount>2</SkillCount>
      <Type />
    </ChooseCareerSkills>
    <Activation>Passive</Activation>
  </Talent>
  <Talent>
    <Key>WORKLIKECHARM</Key>
    <Name>Works Like A Charm</Name>
    <Description>Once per session use Presence in place of skills Characteristic.</Description>
    <Source Page="33">Fly Casual</Source>
    <Custom>DescOnly</Custom>
    <ActivationValue>taIncidental</ActivationValue>
    <Activation>Incidental</Activation>
  </Talent>
  <Talent>
    <Key>BURLY</Key>
    <Name>Burly</Name>
    <Description>Reduce encumberance and cumbersome of wielded weapon by ranks in Burly.
    </Description>
    <Source Page="32">Dangerous Covenants</Source>
    <Custom>DescOnly</Custom>
    <Ranked>true</Ranked>
    <ActivationValue>taPassive</ActivationValue>
    <Activation>Passive</Activation>
  </Talent>
  <Talent>
    <Key>PREEMAVOID</Key>
    <Name>Preemptive Avoidance</Name>
    <Description>
Spend a Destiny Point to disengage from enemy as out-of-turn incedental.
    </Description>
    <Source Page="149">Force and Destiny Core Rulebook</Source>
    <Custom>DescOnly</Custom>
    <ActivationValue>taIncidentalOOT</ActivationValue>
    <ForceTalent>true</ForceTalent>
    <Activation>OOT Incidental</Activation>
  </Talent>
  <Talent>
    <Key>ATARU</Key>
    <Name>Ataru Technique</Name>
    <Description>Use Agility with lightsaber skill.
    </Description>
    <Source Page="139">Force and Destiny Core Rulebook</Source>
    <Custom>DescOnly</Custom>
    <ActivationValue>taPassive</ActivationValue>
    <ForceTalent>true</ForceTalent>
    <SkillChars>
      <SkillChar>
        <SkillKey>LTSABER</SkillKey>
        <CharKey>AG</CharKey>
      </SkillChar>
    </SkillChars>
    <Activation>Passive</Activation>
  </Talent>
  <Talent>
    <Key>FOREWARN</Key>
    <Name>Forewarning</Name>
    <Description>
As an action give all allies in medium range increase in defense equal to Force rating until they act in the encounter.
    </Description>
    <Source Page="143">Force and Destiny Core Rulebook</Source>
    <Custom>DescOnly</Custom>
    <Ranked>true</Ranked>
    <ActivationValue>taAction</ActivationValue>
    <ForceTalent>true</ForceTalent>
    <Activation>Action</Activation>
  </Talent>
  <Talent>
    <Key>KEENEYED</Key>
    <Name>Keen Eyed</Name>
    <Description>Remove [SE] per rank from Perception and Vigilence checks. Halve time to search.
    </Description>
    <Source Page="146">Force and Destiny Core Rulebook</Source>
    <Custom>DescOnly</Custom>
    <Ranked>true</Ranked>
    <ActivationValue>taPassive</ActivationValue>
    <DieModifiers>
      <DieModifier>
        <SkillKey>PERC</SkillKey>
        <SetbackCount>1</SetbackCount>
      </DieModifier>
      <DieModifier>
        <SkillKey>VIGIL</SkillKey>
        <SetbackCount>1</SetbackCount>
      </DieModifier>
    </DieModifiers>
    <Activation>Passive</Activation>
  </Talent>
  <Talent>
    <Key>NATMYSTIC</Key>
    <Name>Natural Mystic</Name>
    <Description>Once per session may re-roll 1 Force power check.
    </Description>
    <Source Page="148">Force and Destiny Core Rulebook</Source>
    <Custom>DescOnly</Custom>
    <ActivationValue>taIncidental</ActivationValue>
    <ForceTalent>true</ForceTalent>
    <Activation>Incidental</Activation>
  </Talent>
  <Talent>
    <Key>FORCEALLY</Key>
    <Name>The Force Is My Ally</Name>
    <Description>
Once per session, may suffer 2 strain to perform Force power action as a maneuver.
    </Description>
    <Source Page="153">Force and Destiny Core Rulebook</Source>
    <Custom>DescOnly</Custom>
    <ActivationValue>taIncidental</ActivationValue>
    <ForceTalent>true</ForceTalent>
    <Activation>Incidental</Activation>
  </Talent>
  <Talent>
    <Key>SENSEADV</Key>
    <Name>Sense Advantage</Name>
    <Description>
Once per session may add [SE][SE] to an NPC's check.
    </Description>
    <Source Page="151">Force and Destiny Core Rulebook</Source>
    <Custom>DescOnly</Custom>
    <ActivationValue>taIncidentalOOT</ActivationValue>
    <ForceTalent>true</ForceTalent>
    <Activation>OOT Incidental</Activation>
  </Talent>
  <Talent>
    <Key>DONTSHOOT</Key>
    <Name>Don't Shoot!</Name>
    <Description>Once per session, make a [DI][DI][DI] Charm check, on success cannot be target of combat for the encounter or until making combat checks.</Description>
    <Source Page="32">Fly Casual</Source>
    <Custom>DescOnly</Custom>
    <ActivationValue>taAction</ActivationValue>
    <Activation>Action</Activation>
  </Talent>
  <Talent>
    <Key>CONGENIAL</Key>
    <Name>Congenial</Name>
    <Description>Suffer strain per rank to upgrade Charm and Negotian checks, or upgrade difficulty of incoming checks.
      </Description>
    <Sources>
      <Source Page="32">Far Horizons Sourcebook</Source>
      <Source Page="32">Fly Casual Sourcebook</Source>
    </Sources>
    <Custom>DescOnly</Custom>
    <Ranked>true</Ranked>
    <ActivationValue>taIncidental</ActivationValue>
    <Activation>Incidental</Activation>
  </Talent>
  <Talent>
    <Key>DISARMSMILE</Key>
    <Name>Disarming Smile</Name>
    <Description>Make an apposing Charm check on success, lower defence of target by ranks in Disarming Smile.
    </Description>
    <Source Page="32">Fly Casual</Source>
    <Custom>DescOnly</Custom>
    <Ranked>true</Ranked>
    <ActivationValue>taAction</ActivationValue>
    <Activation>Action</Activation>
  </Talent>
  <Talent>
    <Key>JUSTKID</Key>
    <Name>Just Kidding!</Name>
    <Description>Once per round, spend Destiny Point to ignore [DE] on social checks by self or ally in short range.</Description>
    <Source Page="33">Fly Casual</Source>
    <Custom>DescOnly</Custom>
    <ActivationValue>taIncidental</ActivationValue>
    <Activation>Incidental</Activation>
  </Talent>
  <Talent>
    <Key>SNIPSHOT</Key>
    <Name>Sniper Shot</Name>
    <Description>Perform maneuver to increase range by 1 per rank. Upgrade difficulty by 1 per range band.</Description>
    <Source>Age of Rebellion Rulebook</Source>
    <Custom>CustomItem</Custom>
    <Ranked>true</Ranked>
    <ActivationValue>taPassive</ActivationValue>
    <SkillChoice>
      <TypeValue>stGeneral</TypeValue>
      <Type>General</Type>
    </SkillChoice>
    <ChooseCareerSkills>
      <TypeValue>stGeneral</TypeValue>
      <Type>General</Type>
    </ChooseCareerSkills>
    <Activation>Passive</Activation>
  </Talent>
  <Talent>
    <Key>USERTALENT1</Key>
    <Name>Boost Charm Coersion Deception</Name>
    <Description>Enter description for talent "Boost Charm Coersion Deception" here.
</Description>
    <Source>User Data</Source>
    <Custom>AddedItem</Custom>
    <ActivationValue>taPassive</ActivationValue>
    <SkillChoice>
      <TypeValue>stGeneral</TypeValue>
      <Type>General</Type>
    </SkillChoice>
    <ChooseCareerSkills>
      <TypeValue>stGeneral</TypeValue>
      <Type>General</Type>
    </ChooseCareerSkills>
    <Activation>Passive</Activation>
  </Talent>
  <Talent>
    <Key>USERTALENT2</Key>
    <Name>On The Edge</Name>
    <Description>Once per Force Check, may suffer 1 strain to use [DARK] result to generate  [LIGHT].</Description>
    <Source>User Data</Source>
    <Custom>AddedItem</Custom>
    <ActivationValue>taPassive</ActivationValue>
    <SkillChoice>
      <TypeValue>stGeneral</TypeValue>
      <Type>General</Type>
    </SkillChoice>
    <ChooseCareerSkills>
      <TypeValue>stGeneral</TypeValue>
      <Type>General</Type>
    </ChooseCareerSkills>
    <Activation>Passive</Activation>
  </Talent>
  <Talent>
    <Key>USERTALENT3</Key>
    <Name>Shadowport Savvy</Name>
    <Description>When purchasing legal or illegal goods, may reduce rarity by 1.</Description>
    <Source>User Data</Source>
    <Custom>AddedItem</Custom>
    <Ranked>true</Ranked>
    <ActivationValue>taPassive</ActivationValue>
    <SkillChoice>
      <TypeValue>stGeneral</TypeValue>
      <Type>General</Type>
    </SkillChoice>
    <ChooseCareerSkills>
      <TypeValue>stGeneral</TypeValue>
      <Type>General</Type>
    </ChooseCareerSkills>
    <Activation>Passive</Activation>
  </Talent>
  <Talent>
    <Key>FEARSOME</Key>
    <Name>Fearsome</Name>
    <Description>May force engaged enemy to make a fear check with difficulty equal ranks in Fearsome.
    </Description>
    <Sources>
      <Source Page="142">Force and Destiny Core Rulebook</Source>
    </Sources>
    <Custom>DescOnly</Custom>
    <Ranked>true</Ranked>
    <ActivationValue>taPassive</ActivationValue>
    <Activation>Passive</Activation>
  </Talent>
  <Talent>
    <Key>KNOWSPEC</Key>
    <Name>Knowledge Specialization</Name>
    <Description>When acquired, choose 1 knowledge skill. May spend [TR] when rolling that skill to gain [SU] equal to ranks in Knowledge Specialization.</Description>
    <Sources>
      <Source Page="138">Edge of the Empire Core Rulebook</Source>
      <Source Page="150">Age of Rebellion Core Rulebook</Source>
      <Source Page="146">Force and Destiny Core Rulebook</Source>
    </Sources>
    <Custom>DescOnly</Custom>
    <Ranked>true</Ranked>
    <ActivationValue>taPassive</ActivationValue>
    <SkillChoice>
      <TypeValue>stKnowledge</TypeValue>
      <SkillCount>1</SkillCount>
      <Type>Knowledge</Type>
    </SkillChoice>
    <Activation>Passive</Activation>
  </Talent>
  <Talent>
    <Key>RESPSCHOL</Key>
    <Name>Respected Scholar</Name>
    <Description>May downgrade difficulty of checks to interact with institutes of learning by one level per rank of Respected Scholar.</Description>
    <Sources>
      <Source Page="142">Edge of the Empire Core Rulebook</Source>
      <Source Page="155">Age of Rebellion Core Rulebook</Source>
    </Sources>
    <Custom>DescOnly</Custom>
    <Ranked>true</Ranked>
    <ActivationValue>taPassive</ActivationValue>
    <Activation>Passive</Activation>
  </Talent>
  <Talent>
    <Key>SPKBIN</Key>
    <Name>Speaks Binary</Name>
    <Description>When directing NPC droids, may grant them [BO] per rank of Speaks Binary on checks.</Description>
    <Sources>
      <Source Page="143">Edge of the Empire Core Rulebook</Source>
      <Source Page="157">Age of Rebellion Core Rulebook</Source>
      <Source Page="35">Special Modifications</Source>
    </Sources>
    <Custom>DescOnly</Custom>
    <Ranked>true</Ranked>
    <ActivationValue>taPassive</ActivationValue>
    <Activation>Passive</Activation>
  </Talent>
  <Talent>
    <Key>UTIL</Key>
    <Name>Utility Belt</Name>
    <Description>Spend 1 Destiny Point to perform a Utility Belt incidental; produce a previously undocumented item or weapon (with restrictions) from a tool belt or a satchel.</Description>
    <Sources>
      <Source Page="145">Edge of the Empire Core Rulebook</Source>
      <Source Page="159">Age of Rebellion Core Rulebook</Source>
    </Sources>
    <Custom>DescOnly</Custom>
    <ActivationValue>taIncidental</ActivationValue>
    <Activation>Incidental</Activation>
  </Talent>
  <Talent>
    <Key>INVENT</Key>
    <Name>Inventor</Name>
    <Description>When constructing new items or modifying attach-ments, add [BO] or remove [SE] per rank of Inventor.</Description>
    <Sources>
      <Source Page="137">Edge of the Empire Core Rulebook</Source>
      <Source Page="150">Age of Rebellion Core Rulebook</Source>
      <Source Page="146">Force and Destiny Core Rulebook</Source>
    </Sources>
    <Custom>DescOnly</Custom>
    <Ranked>true</Ranked>
    <ActivationValue>taPassive</ActivationValue>
    <Activation>Passive</Activation>
  </Talent>
  <Talent>
    <Key>NATSCH</Key>
    <Name>Natural Scholar</Name>
    <Description>Once per session, may re-roll any 1 Knowledge skill check.</Description>
    <Sources>
      <Source Page="139">Edge of the Empire Core Rulebook</Source>
      <Source Page="153">Age of Rebellion Core Rulebook</Source>
    </Sources>
    <Custom>DescOnly</Custom>
    <ActivationValue>taIncidental</ActivationValue>
    <Activation>Incidental</Activation>
  </Talent>
  <Talent>
    <Key>CAREPLAN</Key>
    <Name>Careful Planning</Name>
    <Description>Once per session, may introduce a "fact" into the narrative as if a Destiny Point had been spent.</Description>
    <Source Page="144">Age of Rebellion Core Rulebook</Source>
    <Custom>DescOnly</Custom>
    <ActivationValue>taAction</ActivationValue>
    <Activation>Action</Activation>
  </Talent>
  <Talent>
    <Key>STRGEN</Key>
    <Name>Stroke of Genius</Name>
    <Description>Once per session, make one skill check using Intellect rather than the characteristic linked to that skill.</Description>
    <Sources>
      <Source Page="144">Edge of the Empire Core Rulebook</Source>
      <Source Page="157">Age of Rebellion Core Rulebook</Source>
    </Sources>
    <Custom>DescOnly</Custom>
    <ActivationValue>taIncidental</ActivationValue>
    <Activation>Incidental</Activation>
  </Talent>
  <Talent>
    <Key>MENTFOR</Key>
    <Name>Mental Fortress</Name>
    <Description>Spend 1 Destiny Point to ignore effects of Critical Injuries on Intellect or Cunning checks until end of encounter.</Description>
    <Sources>
      <Source Page="139">Edge of the Empire Core Rulebook</Source>
      <Source Page="151">Age of Rebellion Core Rulebook</Source>
      <Source Page="147">Force and Destiny Core Rulebook</Source>
    </Sources>
    <Custom>DescOnly</Custom>
    <ActivationValue>taIncidental</ActivationValue>
    <Activation>Incidental</Activation>
  </Talent>
  <Talent>
    <Key>HIDD</Key>
    <Name>Hidden Storage</Name>
    <Description>Gain hidden storage in vehicles or equipment that holds items with total encumbrance equal to ranks in Hidden Storage</Description>
    <Sources>
      <Source Page="137">Edge of the Empire Core Rulebook</Source>
      <Source Page="148">Age of Rebellion Core Rulebook</Source>
    </Sources>
    <Custom>DescOnly</Custom>
    <Ranked>true</Ranked>
    <ActivationValue>taPassive</ActivationValue>
    <Activation>Passive</Activation>
  </Talent>
</Talents>