<?xml version="1.0"?>
<Weapons xmlns:xsi="http://www.w3.org/2001/XMLSchema-instance" xmlns:xsd="http://www.w3.org/2001/XMLSchema">
  <Weapon>
    <Key>BLASTCARBDR45</Key>
    <Name>DR-45 Blaster Carbine Mode</Name>
    <Description>
      [H3]DR-45 "Dragoon" Calvalry Blaster (Carbine Mode)[h3]
      Please see page 40 of the Stay on Target Sourcebook for details.
    </Description>
    <Source>Stay on Target</Source>
    <Custom>CustomItem</Custom>
    <Type>Energy Weapon</Type>
    <Categories>
      <Category>Blaster</Category>
      <Category>Ranged</Category>
      <Category>Carbine</Category>
      <Category>Blaster Carbine</Category>
    </Categories>
    <Encumbrance>1</Encumbrance>
    <HP>3</HP>
    <Price>1900</Price>
    <Rarity>6</Rarity>
    <SkillKey>RANGHVY</SkillKey>
    <Damage>8</Damage>
    <Crit>3</Crit>
    <RangeValue>wrMedium</RangeValue>
    <Qualities>
      <Quality>
        <Key>ACCURATE</Key>
        <Count>1</Count>
      </Quality>
      <Quality>
        <Key>STUNSETTING</Key>
      </Quality>
    </Qualities>
    <Range>Medium</Range>
  </Weapon>
  <Weapon>
    <Key>SNARELAUNCHER</Key>
    <Name>Snare Launcher</Name>
    <Description>[H3]Snare Launcher[h3]
</Description>
    <Source>User Data</Source>
    <Custom>AddedItem</Custom>
    <Type>Thrown</Type>
    <Categories>
      <Category>Ranged</Category>
    </Categories>
    <Encumbrance>1</Encumbrance>
    <Price>500</Price>
    <Rarity>5</Rarity>
    <SkillKey>RANGLT</SkillKey>
    <Damage>2</Damage>
    <SizeHigh>10</SizeHigh>
    <RangeValue>wrShort</RangeValue>
    <Qualities>
      <Quality>
        <Key>ENSNARE</Key>
        <Count>5</Count>
      </Quality>
      <Quality>
        <Key>LIMITEDAMMO</Key>
        <Count>1</Count>
      </Quality>
    </Qualities>
    <Range>Short</Range>
  </Weapon>
  <Weapon>
    <Key>USERWEAP3</Key>
    <Name>Speargun</Name>
    <Description>
      [H3]Slugthrower Rifle[h3]
      Please see page 164 of the Core Rulebook for details.

    </Description>
    <Source>User Data</Source>
    <Custom>AddedItem</Custom>
    <Type>Slugthrower</Type>
    <Categories>
      <Category>Rifle</Category>
      <Category>Non-Heavy Rifle</Category>
      <Category>Ranged</Category>
    </Categories>
    <Encumbrance>5</Encumbrance>
    <HP>1</HP>
    <Price>250</Price>
    <Rarity>3</Rarity>
    <SkillKey>RANGHVY</SkillKey>
    <Damage>7</Damage>
    <Crit>5</Crit>
    <RangeValue>wrMedium</RangeValue>
    <Qualities>
      <Quality>
        <Key>LIMITEDAMMO</Key>
        <Count>1</Count>
      </Quality>
    </Qualities>
    <Range>Medium</Range>
  </Weapon>
  <Weapon>
    <Key>USERWEAP4</Key>
    <Name>Model 38 Rifle (Detonator Round)</Name>
    <Description>
      [H3]Model 38 Sharpshooter's Rifle (Detonator Round)[h3]
      Please see page 41 of the Enter the Unknown Sourcebook for details.
    </Description>
    <Source>Enter the Unknown</Source>
    <Custom>AddedItem</Custom>
    <Type>Slugthrower</Type>
    <Categories>
      <Category>Rifle</Category>
      <Category>Ranged</Category>
    </Categories>
    <Encumbrance>5</Encumbrance>
    <HP>4</HP>
    <Price>3000</Price>
    <Rarity>6</Rarity>
    <SkillKey>RANGHVY</SkillKey>
    <Damage>9</Damage>
    <Crit>3</Crit>
    <SizeHigh>10</SizeHigh>
    <RangeValue>wrExtreme</RangeValue>
    <Qualities>
      <Quality>
        <Key>ACCURATE</Key>
        <Count>2</Count>
      </Quality>
      <Quality>
        <Key>BLAST</Key>
        <Count>5</Count>
      </Quality>
      <Quality>
        <Key>KNOCKDOWN</Key>
      </Quality>
    </Qualities>
    <Range>Extreme</Range>
  </Weapon>
  <Weapon>
    <Key>USERWEAP2</Key>
    <Name>DR-45 Blaster (Carbine Mode)</Name>
    <Description>
      [H3]DR-45 "Dragoon" Calvalry Blaster (Carbine Mode)[h3]
      Please see page 40 of the Stay on Target Sourcebook for details.
    </Description>
    <Source>Stay on Target</Source>
    <Custom>AddedItem</Custom>
    <Type>Energy Weapon</Type>
    <Categories>
      <Category>Blaster</Category>
      <Category>Ranged</Category>
      <Category>Carbine</Category>
      <Category>Blaster Carbine</Category>
    </Categories>
    <Encumbrance>1</Encumbrance>
    <HP>3</HP>
    <Price>1900</Price>
    <Rarity>6</Rarity>
    <SkillKey>RANGHVY</SkillKey>
    <Damage>8</Damage>
    <Crit>3</Crit>
    <RangeValue>wrMedium</RangeValue>
    <Qualities>
      <Quality>
        <Key>ACCURATE</Key>
        <Count>1</Count>
      </Quality>
      <Quality>
        <Key>STUNSETTING</Key>
      </Quality>
    </Qualities>
    <Range>Medium</Range>
  </Weapon>
</Weapons>