<?xml version="1.0"?>
<Specialization xmlns:xsi="http://www.w3.org/2001/XMLSchema-instance" xmlns:xsd="http://www.w3.org/2001/XMLSchema">
  <Key>USERSPECIAL1</Key>
  <Name>Jedi in Exile</Name>
  <Description>
    [H4]Force Sensitive Exile[h4]
    Please see page 276 of the Edge of the Empire Core Rulebook for details.
  </Description>
  <Source>User Data</Source>
  <Custom>AddedItem</Custom>
  <CareerSkills>
    <Key>COOL</Key>
    <Key>LTSABER</Key>
    <Key>PERC</Key>
    <Key>VIGIL</Key>
  </CareerSkills>
  <TalentRows>
    <TalentRow>
      <Cost>5</Cost>
      <Talents>
        <Key>ADV</Key>
        <Key>USERTALENT2</Key>
        <Key>TOUGH</Key>
        <Key>UNCANREAC</Key>
      </Talents>
      <Directions>
        <Direction>
          <Down>true</Down>
        </Direction>
        <Direction>
          <Down>true</Down>
        </Direction>
        <Direction>
          <Down>true</Down>
        </Direction>
        <Direction>
          <Down>true</Down>
        </Direction>
      </Directions>
    </TalentRow>
    <TalentRow>
      <Cost>10</Cost>
      <Talents>
        <Key>ADV</Key>
        <Key>DURA</Key>
        <Key>USERTALENT1</Key>
        <Key>QUICKDR</Key>
      </Talents>
      <Directions>
        <Direction>
          <Up>true</Up>
          <Down>true</Down>
        </Direction>
        <Direction>
          <Up>true</Up>
          <Down>true</Down>
        </Direction>
        <Direction>
          <Up>true</Up>
          <Down>true</Down>
        </Direction>
        <Direction>
          <Up>true</Up>
          <Down>true</Down>
        </Direction>
      </Directions>
    </TalentRow>
    <TalentRow>
      <Cost>15</Cost>
      <Talents>
        <Key>SENSDANG</Key>
        <Key>SENSDEMO</Key>
        <Key>BAL</Key>
        <Key>TOUCH</Key>
      </Talents>
      <Directions>
        <Direction>
          <Up>true</Up>
          <Down>true</Down>
        </Direction>
        <Direction>
          <Up>true</Up>
          <Down>true</Down>
        </Direction>
        <Direction>
          <Up>true</Up>
          <Down>true</Down>
        </Direction>
        <Direction>
          <Up>true</Up>
          <Down>true</Down>
        </Direction>
      </Directions>
    </TalentRow>
    <TalentRow>
      <Cost>20</Cost>
      <Talents>
        <Key>SENSDEMO</Key>
        <Key>UNCANSENS</Key>
        <Key>UNCANREAC</Key>
        <Key>STRSMART</Key>
      </Talents>
      <Directions>
        <Direction>
          <Up>true</Up>
          <Down>true</Down>
        </Direction>
        <Direction>
          <Up>true</Up>
          <Down>true</Down>
        </Direction>
        <Direction>
          <Up>true</Up>
          <Down>true</Down>
        </Direction>
        <Direction>
          <Up>true</Up>
          <Down>true</Down>
        </Direction>
      </Directions>
    </TalentRow>
    <TalentRow>
      <Cost>25</Cost>
      <Talents>
        <Key>ATARU</Key>
        <Key>FORCERAT</Key>
        <Key>DEDI</Key>
        <Key>SUPREF</Key>
      </Talents>
      <Directions>
        <Direction>
          <Up>true</Up>
        </Direction>
        <Direction>
          <Up>true</Up>
        </Direction>
        <Direction>
          <Up>true</Up>
        </Direction>
        <Direction>
          <Up>true</Up>
        </Direction>
      </Directions>
    </TalentRow>
  </TalentRows>
  <Universal>true</Universal>
  <Attributes>
    <WoundThreshold>1</WoundThreshold>
    <DefenseRanged>1</DefenseRanged>
    <DefenseMelee>2</DefenseMelee>
    <ForceRating>3</ForceRating>
  </Attributes>
</Specialization>